"2021 Apple M1 Pro MacBook Pro 16"" 32GB/512GB SSD - (Space Gray) A2485 w/Warranty",2026-03-12 02:48:51,$795.15,"$2,699.00",N/A,https://www.ebay.com/itm/146647402645?_trkparms=5373%3A5000006400%7C5374%3ATech%7C5079%3A5000006400,title,timestamp,price,original_price,shipping,item_url
"Bose Solo Soundbar 2 Home Theater, Certified Refurbished",2026-03-12 02:48:51,$93.00,$199.00,,https://www.ebay.com/itm/167031735841?_trkparms=5373%3A5000006400%7C5374%3ATech%7C5079%3A5000006400,,,,,,
eufy SoloCam S3 Solar Wireless Security Camera 360°PTZ 3K Dual-Cam Night Vision,2026-03-12 02:48:51,$89.99,$199.99,,https://www.ebay.com/itm/386708545260?_trkparms=5373%3A5000006400%7C5374%3ATech%7C5079%3A5000006400,,,,,,
VIZIO 32” Class Full HD 1080p LED Smart TV VFD32M-0807,2026-03-12 02:48:51,$89.99,$169.99,,https://www.ebay.com/itm/235812307908?_trkparms=5373%3A5000006400%7C5374%3ATech%7C5079%3A5000006400,,,,,,
Apple Pencil (USB-C) - White Stylus MUWA3AM/A with Pixel-Perfect Precision,2026-03-12 02:48:51,$51.82,$56.95,,https://www.ebay.com/itm/296262723993?_trkparms=5373%3A5000006400%7C5374%3ATech%7C5079%3A5000006400,,,,,,
Apple Watch Series 8 41mm Gps Only Aluminum - 32GB -Very Good,2026-03-12 02:48:51,$151.00,,,https://www.ebay.com/itm/134581825109?_trkparms=5373%3A5000006400%7C5374%3ATech%7C5079%3A5000006400,,,,,,
Resident Evil Requiem PlayStation 5 - For PlayStation 5 - Rated M (Mature +17) -,2026-03-12 02:48:51,$77.99,,,https://www.ebay.com/itm/298082690431?_trkparms=5373%3A5000006400%7C5374%3ATech%7C5079%3A5000006400,,,,,,
Samsung Galaxy S22+ 128GB S906U Unlocked - Very Good,2026-03-12 02:48:51,$182.99,$999.99,,https://www.ebay.com/itm/255788146958?_trkparms=5373%3A5000006400%7C5374%3ATech%7C5079%3A5000006400,,,,,,
Samsung Galaxy S23 128GB S911U Unlocked - Excellent,2026-03-12 02:48:51,$239.99,$799.99,,https://www.ebay.com/itm/256372271129?_trkparms=5373%3A5000006400%7C5374%3ATech%7C5079%3A5000006400,,,,,,
Samsung Galaxy S21 5G 128GB G991U Unlocked - Good,2026-03-12 02:48:51,$134.99,$799.99,,https://www.ebay.com/itm/254987231741?_trkparms=5373%3A5000006400%7C5374%3ATech%7C5079%3A5000006400,,,,,,
Samsung Galaxy S23 Ultra S918U1 256GB Unlocked - Very Good Refurbished,2026-03-12 02:48:51,$402.99,$999.99,,https://www.ebay.com/itm/205816814214?_trkparms=5373%3A5000006400%7C5374%3ATech%7C5079%3A5000006400,,,,,,
Samsung Galaxy S23 Ultra 256GB S918U Unlocked - Very Good,2026-03-12 02:48:51,$385.99,"$1,199.99",,https://www.ebay.com/itm/256379350872?_trkparms=5373%3A5000006400%7C5374%3ATech%7C5079%3A5000006400,,,,,,
Apple iPhone 16 128GB Unlocked Smartphone A3081 Good Condition,2026-03-12 02:48:51,$499.00,$701.00,,https://www.ebay.com/itm/227050861810?_trkparms=5373%3A5000006400%7C5374%3ATech%7C5079%3A5000006423,,,,,,
Samsung Galaxy S21 5G 128GB G991U Unlocked - Good,2026-03-12 02:48:51,$134.99,$799.99,,https://www.ebay.com/itm/254987231741?_trkparms=5373%3A5000006400%7C5374%3ATech%7C5079%3A5000006423,,,,,,
Apple iPhone 15 Pro 512GB Unlocked AT&T T-Mobile Verizon Very Good Condition,2026-03-12 02:48:51,$528.95,"$1,299.95",,https://www.ebay.com/itm/296106949477?_trkparms=5373%3A5000006400%7C5374%3ATech%7C5079%3A5000006423,,,,,,
Samsung Galaxy S24+ 256GB S926U Unlocked - Excellent,2026-03-12 02:48:51,$431.99,$999.99,,https://www.ebay.com/itm/256602372474?_trkparms=5373%3A5000006400%7C5374%3ATech%7C5079%3A5000006423,,,,,,
UMIDIGI BISON Pro 4GB/8GB+128GB NFC Dual SIM 48MP Rugged Android Smartphone,2026-03-12 02:48:51,$120.39,,,https://www.ebay.com/itm/177660070141?_trkparms=5373%3A5000006400%7C5374%3ATech%7C5079%3A5000006423,,,,,,
"HP EliteBook 840 G7 14"" 512GB i5-10310U WIN11P, Silver",2026-03-12 02:48:52,$225.00,$529.99,,https://www.ebay.com/itm/366229051169?_trkparms=5373%3A5000006400%7C5374%3ATech%7C5079%3A5000006407,,,,,,
"Lenovo Legion 5 15.1"" WQXGA 165Hz Ultra 9 275HX 16GB RAM 1TB SSD RTX 5070",2026-03-12 02:48:52,"$1,499.99","$1,999.99",,https://www.ebay.com/itm/306423604443?_trkparms=5373%3A5000006400%7C5374%3ATech%7C5079%3A5000006407,,,,,,
"HP OmniBook X 14-fk00 2-in-1 14"" Touch Laptop, Ryzen 7, 24GB, 1TB, Windows",2026-03-12 02:48:52,$599.99,$999.99,,https://www.ebay.com/itm/167860839015?_trkparms=5373%3A5000006400%7C5374%3ATech%7C5079%3A5000006407,,,,,,
"Acer Swift Go 14"" Laptop Intel Core Ultra 7 155H 16GB RAM 1TB SSD Refurbished",2026-03-12 02:48:52,$371.99,$799.99,,https://www.ebay.com/itm/276709583737?_trkparms=5373%3A5000006400%7C5374%3ATech%7C5079%3A5000006407,,,,,,
"HP EliteBook 845 G8 14"" FHD IPS AMD Ryzen 5 PRO 5650U 32GB 256GB SSD W11P Laptop",2026-03-12 02:48:52,$369.00,$799.99,,https://www.ebay.com/itm/376992070163?_trkparms=5373%3A5000006400%7C5374%3ATech%7C5079%3A5000006407,,,,,,
"LG OLED77G5WUA 77"" G5 4K UHD OLED evo Smart TV w/ Wall Mount",2026-03-12 02:48:52,"$2,299.00",,,https://www.ebay.com/itm/297737539543?_trkparms=5373%3A5000006400%7C5374%3ATech%7C5079%3A5000006409,,,,,,
Samsung HW-B750F 5.1ch Bluetooth Soundbar with Wireless Subwoofer – 2025 Model,2026-03-12 02:48:52,$218.00,$599.95,,https://www.ebay.com/itm/157040074913?_trkparms=5373%3A5000006400%7C5374%3ATech%7C5079%3A5000006409,,,,,,
Epson BrightLink 1485Fi FHD 5000Lumen 3LCD Interactive Classroom Laser Projector,2026-03-12 02:48:52,"$1,357.00","$3,099.00",,https://www.ebay.com/itm/175297139043?_trkparms=5373%3A5000006400%7C5374%3ATech%7C5079%3A5000006409,,,,,,
Samsung 656W 11.1.4-Ch 656W Dolby Atmos Soundbar System HW-Q990D/ZA,2026-03-12 02:48:52,$829.98,"$1,599.99",,https://www.ebay.com/itm/395482986060?_trkparms=5373%3A5000006400%7C5374%3ATech%7C5079%3A5000006409,,,,,,
"ONN 11"" Swivel Screen Portable Blu-Ray/DVD Player w/ HDMI, USB, Ethernet 1000097",2026-03-12 02:48:52,$113.99,$159.99,,https://www.ebay.com/itm/233730886679?_trkparms=5373%3A5000006400%7C5374%3ATech%7C5079%3A5000006409,,,,,,
SVBONY MK127 127mm Telescope Professional Maksutov-Cassegrain Planetary Visual,2026-03-12 02:48:52,$479.99,$533.32,,https://www.ebay.com/itm/197423012127?_trkparms=5373%3A5000006400%7C5374%3ATech%7C5079%3A5000006430,,,,,,
SVBONY SV48P 102mm f/6.5 Telescope Astronomical Professional for Observation,2026-03-12 02:48:52,$229.99,$333.32,,https://www.ebay.com/itm/196534578698?_trkparms=5373%3A5000006400%7C5374%3ATech%7C5079%3A5000006430,,,,,,
OM System Olympus OM-1 20MP Stacked Sensor Mirrorless Camera,2026-03-12 02:48:52,$875.00,,,https://www.ebay.com/itm/205975048161?_trkparms=5373%3A5000006400%7C5374%3ATech%7C5079%3A5000006430,,,,,,
OM System Olympus OM-1 Mirrorless Camera w/12-40mm f/2.8 Pro II Lens,2026-03-12 02:48:52,"$1,499.00",,,https://www.ebay.com/itm/147075451628?_trkparms=5373%3A5000006400%7C5374%3ATech%7C5079%3A5000006430,,,,,,
Olympus OM System 12-40mm f2.8 M.Zuiko ED PRO II Lens Micro 4/3 MFT,2026-03-12 02:48:52,$699.00,,,https://www.ebay.com/itm/205996230549?_trkparms=5373%3A5000006400%7C5374%3ATech%7C5079%3A5000006430,,,,,,
Nintendo Switch OLED 64GB Game Console + 1 Year🛡️ Warranty | 2-Day Shipping📦✈️,2026-03-12 02:48:52,$249.95,$399.99,,https://www.ebay.com/itm/357950678927?_trkparms=5373%3A5000006400%7C5374%3ATech%7C5079%3A5000006401,,,,,,
Nex Playground Active Play System Motion Gaming Console AI Controller New OB,2026-03-12 02:48:52,$179.99,$199.99,,https://www.ebay.com/itm/389679669427?_trkparms=5373%3A5000006400%7C5374%3ATech%7C5079%3A5000006401,,,,,,
"Gaming Charging Case 20W for Nintendo Switch 2, Sage Green",2026-03-12 02:48:52,$69.99,,,https://www.ebay.com/itm/127701925145?_trkparms=5373%3A5000006400%7C5374%3ATech%7C5079%3A5000006401,,,,,,
"Gaming Charging Case 20W for Nintendo Switch 2, Sand",2026-03-12 02:48:52,$69.99,,,https://www.ebay.com/itm/127701925104?_trkparms=5373%3A5000006400%7C5374%3ATech%7C5079%3A5000006401,,,,,,
"Gaming Charging Case Pro 30W, Green",2026-03-12 02:48:53,$99.99,,,https://www.ebay.com/itm/127701926681?_trkparms=5373%3A5000006400%7C5374%3ATech%7C5079%3A5000006401,,,,,,
"Apple 2022 iPad Pro, 12.9-inch, Wi-Fi + Cellular, 256GB, Silver - Excellent",2026-03-12 02:48:53,$592.99,"$1,399.00",,https://www.ebay.com/itm/406710862765?_trkparms=5373%3A5000006400%7C5374%3ATech%7C5079%3A5000006415,,,,,,
TABWEE T90 Android Tablet With GPS 11 Inch Andriod 16 24GB+128GB 8000mAh T615,2026-03-12 02:48:53,$139.00,,,https://www.ebay.com/itm/366144621889?_trkparms=5373%3A5000006400%7C5374%3ATech%7C5079%3A5000006415,,,,,,
"Apple iPad Air 5 M1 (2022) 10.9"" 64GB 256GB - WiFi or Cellular - Good",2026-03-12 02:48:53,$289.99,,,https://www.ebay.com/itm/157484606510?_trkparms=5373%3A5000006400%7C5374%3ATech%7C5079%3A5000006415,,,,,,
Apple iPad Pro 12.9″ (5th Gen 2021) Wi-Fi M1 Excellent Condition 1 Year Warranty,2026-03-12 02:48:53,$499.95,,,https://www.ebay.com/itm/227211848353?_trkparms=5373%3A5000006400%7C5374%3ATech%7C5079%3A5000006415,,,,,,
"Apple iPad Pro6 Tablet 12.9"" 6th Gen 2022 WiFi / 5G Models Pro 6 -M2 Very Good",2026-03-12 02:48:53,$599.95,,,https://www.ebay.com/itm/364759523674?_trkparms=5373%3A5000006400%7C5374%3ATech%7C5079%3A5000006415,,,,,,
Apple AirPods Pro 2nd Generation Gen 2 2023 A2968 with Magsafe USB-C Charging,2026-03-12 02:48:53,$139.95,$250.00,,https://www.ebay.com/itm/285636515887?_trkparms=5373%3A5000006400%7C5374%3ATech%7C5079%3A5000006419,,,,,,
Anker 737 Power Bank 24000mAh 3-Port Portable Charger 140W for iPhone 14/MacBook,2026-03-12 02:48:53,$74.99,$159.99,,https://www.ebay.com/itm/385840234596?_trkparms=5373%3A5000006400%7C5374%3ATech%7C5079%3A5000006419,,,,,,
Samsung Galaxy Buds+ Plus SM-R175 Bluetooth True Wireless Earbuds 2020 Colors SR,2026-03-12 02:48:53,$54.95,,,https://www.ebay.com/itm/185460063087?_trkparms=5373%3A5000006400%7C5374%3ATech%7C5079%3A5000006419,,,,,,
Apple AirPods Pro 3 Wireless Active Noise Cancelling Earbuds Magsafe MFHP4LL/A,2026-03-12 02:48:53,$186.95,,,https://www.ebay.com/itm/277504800257?_trkparms=5373%3A5000006400%7C5374%3ATech%7C5079%3A5000006419,,,,,,
Soundcore Q20i Wireless Over-Ear Headphone Hybrid Active Noise Cancelling|Refurb,2026-03-12 02:48:53,$27.99,$69.99,,https://www.ebay.com/itm/387405188897?_trkparms=5373%3A5000006400%7C5374%3ATech%7C5079%3A5000006419,,,,,,
"2-Bay/4-Bay Hard Drive Enclosure for 3.5""/2.5'' SATA HDD/SSD 10Gbps USB-C 3.2",2026-03-12 02:48:53,$75.99,$151.98,,https://www.ebay.com/itm/236532412408?_trkparms=5373%3A5000006400%7C5374%3ATech%7C5079%3A5000006421,,,,,,
WL OEM 20TB 7.2K RPM SATA 6Gb/s 3.5in Enterprise HDD,2026-03-12 02:48:53,$357.46,,,https://www.ebay.com/itm/297831103459?_trkparms=5373%3A5000006400%7C5374%3ATech%7C5079%3A5000006421,,,,,,
"Samsung - Geek Squad Certified Refurbished T9 Portable SSD 4TB, Up to 2,000MB...",2026-03-12 02:48:53,$459.99,,,https://www.ebay.com/itm/205471528497?_trkparms=5373%3A5000006400%7C5374%3ATech%7C5079%3A5000006421,,,,,,
SAMSUNG SSD 7.68TB 4TB 3.84TB 2TB 1.92TB 1TB 960GB 512GB 500GB 480GB 2.5 6Gbps,2026-03-12 02:48:53,$74.99,,,https://www.ebay.com/itm/326859827047?_trkparms=5373%3A5000006400%7C5374%3ATech%7C5079%3A5000006421,,,,,,
"WD Ultrastar DC HC550 18TB SAS 12GB/s 3.5"" HDD WUH721818AL5204 0F38353",2026-03-12 02:48:53,$359.59,,,https://www.ebay.com/itm/297265730683?_trkparms=5373%3A5000006400%7C5374%3ATech%7C5079%3A5000006421,,,,,,
"Bose QuietComfort Ultra Noise Cancelling Headphones, Certified Refurbished",2026-03-12 02:48:53,$215.00,$229.00,,https://www.ebay.com/itm/166708867898?_trkparms=5373%3A5000006400%7C5374%3ATech%7C5079%3A5000006403,,,,,,
JBL PartyBox 1000 Portable Bluetooth Party Speaker with Full Panel Light Effects,2026-03-12 02:48:53,$849.00,"$1,349.95",,https://www.ebay.com/itm/184651964031?_trkparms=5373%3A5000006400%7C5374%3ATech%7C5079%3A5000006403,,,,,,
"Soundcore Anker Life Q20 Hybrid Active Noise Cancelling Headphones, Wireless",2026-03-12 02:48:53,$22.99,$28.74,,https://www.ebay.com/itm/389129473103?_trkparms=5373%3A5000006400%7C5374%3ATech%7C5079%3A5000006403,,,,,,
Beats Fit Pro Ear Hooks Ear wings Replacement Black White Purple Gray Blue 1Pair,2026-03-12 02:48:53,$16.00,,,https://www.ebay.com/itm/376769728164?_trkparms=5373%3A5000006400%7C5374%3ATech%7C5079%3A5000006403,,,,,,
JBL JBLPARTYBOXULTAM-Z PartyBox Ultimate Speaker - Certified Refurbished,2026-03-12 02:48:54,"$1,199.99","$1,899.95",,https://www.ebay.com/itm/135712104253?_trkparms=5373%3A5000006400%7C5374%3ATech%7C5079%3A5000006403,,,,,,
Bundle: Canon SELPHY CP1500 Compact Photo Printer White with KP-108IN Paper Set,2026-03-12 02:48:54,$203.99,$299.99,,https://www.ebay.com/itm/196220534433?_trkparms=5373%3A5000006400%7C5374%3ATech%7C5079%3A5000006417,,,,,,
Genuine HP 646A CF032AC Yellow High Yield Toner 12.5K HP LaserJet CM4540 MFP NEW,2026-03-12 02:48:54,$19.00,$39.00,,https://www.ebay.com/itm/305583237926?_trkparms=5373%3A5000006400%7C5374%3ATech%7C5079%3A5000006417,,,,,,
Genuine HP 646A CF033AC Magenta High Yield Toner 12.5K LaserJet CM4540 MFP NEW,2026-03-12 02:48:54,$17.99,$37.99,,https://www.ebay.com/itm/305583258247?_trkparms=5373%3A5000006400%7C5374%3ATech%7C5079%3A5000006417,,,,,,
Canon Selphy CP1500 Wireless Compact Photo Printer (Black),2026-03-12 02:48:54,$179.00,$199.00,,https://www.ebay.com/itm/376377515182?_trkparms=5373%3A5000006400%7C5374%3ATech%7C5079%3A5000006417,,,,,,
Zebra DS9308 1D and 2D Presentation QR Image Reader Barcode Scanner (Black),2026-03-12 02:48:54,$149.00,$164.95,,https://www.ebay.com/itm/287002391510?_trkparms=5373%3A5000006400%7C5374%3ATech%7C5079%3A5000006417,,,,,,
REDTIGER F7NP 128GB Dash Camera Front and Rear 4K Dash Cam With WiFi&GPS,2026-03-12 02:48:54,$129.99,$189.99,,https://www.ebay.com/itm/286761406185?_trkparms=5373%3A5000006400%7C5374%3ATech%7C5079%3A5000006432,,,,,,
REDTIGER 4K Dash Cam Front and Rear with AI-Powered Driver Assistance G-Sensor,2026-03-12 02:48:54,$79.99,$139.99,,https://www.ebay.com/itm/285933024479?_trkparms=5373%3A5000006400%7C5374%3ATech%7C5079%3A5000006432,,,,,,
MUCAR 892BT Full Systems Car Bidirectional Diagnostic Scan Tool Life Free Update,2026-03-12 02:48:54,$489.00,$569.00,,https://www.ebay.com/itm/397321692203?_trkparms=5373%3A5000006400%7C5374%3ATech%7C5079%3A5000006432,,,,,,
2026 Thinkscan Plus S7 Car OBD2 Scanner Auto Diagnostic Tool ABS SRS BCM IC AC,2026-03-12 02:48:54,$125.99,$189.99,,https://www.ebay.com/itm/394131576153?_trkparms=5373%3A5000006400%7C5374%3ATech%7C5079%3A5000006432,,,,,,
"REDTIGER F17 4K 3 Channel Dash Cam, 5G WiFi Front and Rear Inside 64GB SD Card",2026-03-12 02:48:54,$159.99,$219.99,,https://www.ebay.com/itm/285472410074?_trkparms=5373%3A5000006400%7C5374%3ATech%7C5079%3A5000006432,,,,,,
Olympus OM System 12-40mm f2.8 M.Zuiko ED PRO II Lens Micro 4/3 MFT,2026-03-12 02:48:54,$699.00,,,https://www.ebay.com/itm/205996230549?_trkparms=5373%3A5000006400%7C5374%3ATech%7C5079%3A5000006425,,,,,,
"PANASONIC LUMIX G Leica DG ELMARIT Professional Lens, 200mm, F2.8 ASPH,",2026-03-12 02:48:54,"$2,339.95","$3,626.99",,https://www.ebay.com/itm/197772160091?_trkparms=5373%3A5000006400%7C5374%3ATech%7C5079%3A5000006425,,,,,,
Sony FE 24-70mm f/2.8 GM II Lens - Fast USA Shipping!,2026-03-12 02:48:54,"$2,299.00",,,https://www.ebay.com/itm/206009821598?_trkparms=5373%3A5000006400%7C5374%3ATech%7C5079%3A5000006425,,,,,,
Sony FE 70-200mm f2.8 GM OSS II Lens SEL70200GM2 *Sony USA Warranty,2026-03-12 02:48:54,"$2,889.00",,,https://www.ebay.com/itm/147103302859?_trkparms=5373%3A5000006400%7C5374%3ATech%7C5079%3A5000006425,,,,,,
Nikon NIKKOR Z 50mm f/1.8 S Lens 20083,2026-03-12 02:48:54,$429.99,$494.49,,https://www.ebay.com/itm/297697533084?_trkparms=5373%3A5000006400%7C5374%3ATech%7C5079%3A5000006425,,,,,,
"Bose QuietComfort Ultra Noise Cancelling Headphones, Certified Refurbished",2026-03-12 02:48:54,$215.00,$229.00,,https://www.ebay.com/itm/166708867898?_trkparms=5373%3A5000006400%7C5374%3ATech%7C5079%3A5000006413,,,,,,
"LG OLED77G5WUA 77"" G5 4K UHD OLED evo Smart TV w/ Wall Mount",2026-03-12 02:48:54,"$2,299.00",,,https://www.ebay.com/itm/297737539543?_trkparms=5373%3A5000006400%7C5374%3ATech%7C5079%3A5000006413,,,,,,
REDTIGER F7NP 128GB Dash Camera Front and Rear 4K Dash Cam With WiFi&GPS,2026-03-12 02:48:54,$129.99,$189.99,,https://www.ebay.com/itm/286761406185?_trkparms=5373%3A5000006400%7C5374%3ATech%7C5079%3A5000006413,,,,,,
JBL PartyBox 1000 Portable Bluetooth Party Speaker with Full Panel Light Effects,2026-03-12 02:48:55,$849.00,"$1,349.95",,https://www.ebay.com/itm/184651964031?_trkparms=5373%3A5000006400%7C5374%3ATech%7C5079%3A5000006413,,,,,,
Samsung HW-B750F 5.1ch Bluetooth Soundbar with Wireless Subwoofer – 2025 Model,2026-03-12 02:48:55,$218.00,$599.95,,https://www.ebay.com/itm/157040074913?_trkparms=5373%3A5000006400%7C5374%3ATech%7C5079%3A5000006413,,,,,,
Belkin Thunderbolt 3 Dock Pro (Certified Refurbished) - Space Grey,2026-03-12 02:48:55,$72.00,$179.99,,https://www.ebay.com/itm/127463179236?_trkparms=5373%3A5000006400%7C5374%3ATech%7C5079%3A5000006427,,,,,,
Belkin USB-C Multimedia Hub (Certified Refurbished) - Silver,2026-03-12 02:48:55,$40.00,$99.99,,https://www.ebay.com/itm/127463179126?_trkparms=5373%3A5000006400%7C5374%3ATech%7C5079%3A5000006427,,,,,,
Belkin Thunderbolt 3 Dock Plus (Certified Refurbished) - Black,2026-03-12 02:48:55,$100.00,$249.99,,https://www.ebay.com/itm/127463179800?_trkparms=5373%3A5000006400%7C5374%3ATech%7C5079%3A5000006427,,,,,,
Belkin Connect USB-C 11-in-1 Multiport Dock (Certified Refurbished) - Silver,2026-03-12 02:48:55,$48.00,$119.99,,https://www.ebay.com/itm/127463178960?_trkparms=5373%3A5000006400%7C5374%3ATech%7C5079%3A5000006427,,,,,,
Apple iPad Wired Keyboard Lightning with Stand | Belkin | School Test Approved,2026-03-12 02:48:55,$20.99,$29.99,,https://www.ebay.com/itm/127463190316?_trkparms=5373%3A5000006400%7C5374%3ATech%7C5079%3A5000006427,,,,,,
Apple iPhone 16 128GB Unlocked Smartphone A3081 Good Condition,2026-03-12 02:48:55,$499.00,$701.00,,https://www.ebay.com/itm/227050861810?_trkparms=5373%3A5000006400%7C5374%3ATech%7C5079%3A5000006411,,,,,,
Samsung Galaxy S21 5G 128GB G991U Unlocked - Good,2026-03-12 02:48:55,$134.99,$799.99,,https://www.ebay.com/itm/254987231741?_trkparms=5373%3A5000006400%7C5374%3ATech%7C5079%3A5000006411,,,,,,
Apple iPhone 15 Pro 512GB Unlocked AT&T T-Mobile Verizon Very Good Condition,2026-03-12 02:48:55,$528.95,"$1,299.95",,https://www.ebay.com/itm/296106949477?_trkparms=5373%3A5000006400%7C5374%3ATech%7C5079%3A5000006411,,,,,,
Apple AirPods Pro 2nd Generation Gen 2 2023 A2968 with Magsafe USB-C Charging,2026-03-12 02:48:55,$139.95,$250.00,,https://www.ebay.com/itm/285636515887?_trkparms=5373%3A5000006400%7C5374%3ATech%7C5079%3A5000006411,,,,,,
Samsung Galaxy S24+ 256GB S926U Unlocked - Excellent,2026-03-12 02:48:55,$431.99,$999.99,,https://www.ebay.com/itm/256602372474?_trkparms=5373%3A5000006400%7C5374%3ATech%7C5079%3A5000006411,,,,,,
"LG UltraWide 34"" WQHD HDR 10 120Hz 5ms Curved Monitor Black 34U62TB-B 2025 Model",2026-03-12 02:48:55,$189.99,$399.99,,https://www.ebay.com/itm/136761082570?_trkparms=5373%3A5000006400%7C5374%3ATech%7C5079%3A5000006405,,,,,,
"Refurbished HUION Kamvas Pro 19 18.4"" UHD Drawing Tablet Touch Screen PenTech4.0",2026-03-12 02:48:55,$729.00,,,https://www.ebay.com/itm/335438627589?_trkparms=5373%3A5000006400%7C5374%3ATech%7C5079%3A5000006405,,,,,,
"Refurbished HUION Kamvas 13 (Gen 3) 13.3"" Graphic Tablet Pen Display PenTech4.0",2026-03-12 02:48:55,$169.00,,,https://www.ebay.com/itm/335778622198?_trkparms=5373%3A5000006400%7C5374%3ATech%7C5079%3A5000006405,,,,,,
AX3000 WiFi Mesh Extender Long Range Outdoor WiFi 6 Access Point Repeater PoE,2026-03-12 02:48:55,$199.99,$499.98,,https://www.ebay.com/itm/236292160001?_trkparms=5373%3A5000006400%7C5374%3ATech%7C5079%3A5000006405,,,,,,
Long Range AX3000 WiFi 6 Mesh Range Extender Outdoor Dual Band WiFi Router,2026-03-12 02:48:55,$199.99,$399.98,,https://www.ebay.com/itm/236148615994?_trkparms=5373%3A5000006400%7C5374%3ATech%7C5079%3A5000006405,,,,,,
,,,,,,"2021 Apple M1 Pro MacBook Pro 16"" 32GB/512GB SSD - (Space Gray) A2485 w/Warranty",2026-03-12 03:10:09,$795.15,"$2,699.00",Free shipping,https://www.ebay.com/itm/146647402645?_trkparms=5373%3A5000006400%7C5374%3ATech%7C5079%3A5000006400
,,,,,,Samsung Galaxy S22+ 128GB S906U Unlocked - Very Good,2026-03-12 03:10:09,$182.99,$999.99,,https://www.ebay.com/itm/255788146958?_trkparms=5373%3A5000006400%7C5374%3ATech%7C5079%3A5000006400
,,,,,,Samsung Galaxy S23 128GB S911U Unlocked - Excellent,2026-03-12 03:10:09,$239.99,$799.99,,https://www.ebay.com/itm/256372271129?_trkparms=5373%3A5000006400%7C5374%3ATech%7C5079%3A5000006400
,,,,,,Samsung Galaxy S21 5G 128GB G991U Unlocked - Good,2026-03-12 03:10:09,$134.99,$799.99,,https://www.ebay.com/itm/254987231741?_trkparms=5373%3A5000006400%7C5374%3ATech%7C5079%3A5000006400
,,,,,,Samsung Galaxy S23 Ultra S918U1 256GB Unlocked - Very Good Refurbished,2026-03-12 03:10:09,$402.99,$999.99,,https://www.ebay.com/itm/205816814214?_trkparms=5373%3A5000006400%7C5374%3ATech%7C5079%3A5000006400
,,,,,,Samsung Galaxy S23 Ultra 256GB S918U Unlocked - Very Good,2026-03-12 03:10:09,$385.99,"$1,199.99",,https://www.ebay.com/itm/256379350872?_trkparms=5373%3A5000006400%7C5374%3ATech%7C5079%3A5000006400
,,,,,,Apple iPhone 14 Pro 256GB Unlocked - Excellent,2026-03-12 03:10:09,$414.99,"$1,099.00",,https://www.ebay.com/itm/257331960588?_trkparms=5373%3A5000006400%7C5374%3ATech%7C5079%3A5000006400
,,,,,,Samsung Galaxy S22+ 128GB S906U Unlocked - Good,2026-03-12 03:10:09,$163.99,$999.99,,https://www.ebay.com/itm/255803826545?_trkparms=5373%3A5000006400%7C5374%3ATech%7C5079%3A5000006400
,,,,,,Apple iPhone 15 256GB Factory Unlocked AT&T T-Mobile Verizon Very Good Condition,2026-03-12 03:10:09,$423.95,$899.00,,https://www.ebay.com/itm/296120880922?_trkparms=5373%3A5000006400%7C5374%3ATech%7C5079%3A5000006400
,,,,,,Samsung Galaxy Watch4 Classic R880 42mm Black GPS + WiFi + Bluetooth - Very Good,2026-03-12 03:10:09,$40.99,$199.99,,https://www.ebay.com/itm/313891339572?_trkparms=5373%3A5000006400%7C5374%3ATech%7C5079%3A5000006400
,,,,,,Google Pixel 8 Pro 256GB Unlocked - Excellent,2026-03-12 03:10:09,$365.99,$859.00,,https://www.ebay.com/itm/257161120994?_trkparms=5373%3A5000006400%7C5374%3ATech%7C5079%3A5000006400
,,,,,,Apple iPhone 15 Pro A2848 256GB Unlocked - Excellent Refurbished,2026-03-12 03:10:09,$499.99,$999.99,,https://www.ebay.com/itm/357948869031?_trkparms=5373%3A5000006400%7C5374%3ATech%7C5079%3A5000006400
,,,,,,Samsung Galaxy S24+ 256GB S926U Unlocked - Excellent,2026-03-12 03:10:09,$431.99,$999.99,,https://www.ebay.com/itm/256602372474?_trkparms=5373%3A5000006400%7C5374%3ATech%7C5079%3A5000006400
,,,,,,Apple Watch Ultra GPS & Cellular 49mm Titanium Trail Alpine Loop Ocean Excellent,2026-03-12 03:10:09,$297.99,$799.00,,https://www.ebay.com/itm/406318312547?_trkparms=5373%3A5000006400%7C5374%3ATech%7C5079%3A5000006400
,,,,,,Apple iPhone 14 Pro 256GB Unlocked - Very Good,2026-03-12 03:10:09,$385.99,"$1,099.00",,https://www.ebay.com/itm/257331960624?_trkparms=5373%3A5000006400%7C5374%3ATech%7C5079%3A5000006400
,,,,,,"Google Pixel 9 Pro 256GB 6.3"" 5G Fully Unlocked, Excellent - Has LCD Shadow",2026-03-12 03:10:09,$394.99,$999.00,,https://www.ebay.com/itm/406685045390?_trkparms=5373%3A5000006400%7C5374%3ATech%7C5079%3A5000006400
,,,,,,Apple iPhone 16 Plus 128GB Unlocked Good Condition,2026-03-12 03:10:10,$509.00,$714.00,,https://www.ebay.com/itm/227011332517?_trkparms=5373%3A5000006400%7C5374%3ATech%7C5079%3A5000006400
,,,,,,Apple iPhone 16 256GB Factory Unlocked AT&T T-Mobile Verizon Very Good Condition,2026-03-12 03:10:10,$586.95,$899.00,,https://www.ebay.com/itm/296819057702?_trkparms=5373%3A5000006400%7C5374%3ATech%7C5079%3A5000006400
,,,,,,Apple iPhone 16 Pro 256GB Unlocked Excellent Condition,2026-03-12 03:10:10,$689.00,$948.00,,https://www.ebay.com/itm/226983072197?_trkparms=5373%3A5000006400%7C5374%3ATech%7C5079%3A5000006400
,,,,,,"Google Pixel Fold 5G 256GB 7.6"" T-Mobile Only, Obsidian Black - Excellent",2026-03-12 03:10:10,$288.99,"$1,799.00",,https://www.ebay.com/itm/406721939322?_trkparms=5373%3A5000006400%7C5374%3ATech%7C5079%3A5000006400
,,,,,,Apple iPhone 13 Pro Max 128GB Unlocked - Very Good,2026-03-12 03:10:10,$370.99,"$1,199.99",,https://www.ebay.com/itm/256488375003?_trkparms=5373%3A5000006400%7C5374%3ATech%7C5079%3A5000006400
,,,,,,Samsung Galaxy S23+ 256GB S916U Unlocked - Good,2026-03-12 03:10:10,$269.99,$999.99,,https://www.ebay.com/itm/256372558330?_trkparms=5373%3A5000006400%7C5374%3ATech%7C5079%3A5000006400
,,,,,,Apple iPhone 16 Pro 512GB Unlocked Good Condition,2026-03-12 03:10:10,$669.00,$969.00,,https://www.ebay.com/itm/227030019541?_trkparms=5373%3A5000006400%7C5374%3ATech%7C5079%3A5000006400
,,,,,,Apple Watch Series SE (2nd Gen) 40mm GPS + WiFi + Cellular Unlocked - Good,2026-03-12 03:10:10,$99.99,$299.99,,https://www.ebay.com/itm/314605138200?_trkparms=5373%3A5000006400%7C5374%3ATech%7C5079%3A5000006400
,,,,,,Apple iPhone 13 Pro Max 128GB Unlocked - Good,2026-03-12 03:10:10,$356.99,"$1,199.99",,https://www.ebay.com/itm/256880902001?_trkparms=5373%3A5000006400%7C5374%3ATech%7C5079%3A5000006400
,,,,,,Apple iPhone 12 Pro Max 128GB Fully Unlocked - EXCELLENT Condition,2026-03-12 03:10:10,$326.99,$499.99,,https://www.ebay.com/itm/225966696293?_trkparms=5373%3A5000006400%7C5374%3ATech%7C5079%3A5000006400
,,,,,,eufy SoloCam S340 Outdoor Solar Security Camera 3K Dual-Camera Pan&Tilt 8xZoom,2026-03-12 03:10:10,$105.00,$199.99,,https://www.ebay.com/itm/387549414157?_trkparms=5373%3A5000006400%7C5374%3ATech%7C5079%3A5000006400
,,,,,,Apple iPhone 12 128GB - Fully Unlocked - VERY GOOD Condition,2026-03-12 03:10:10,$216.99,$499.99,,https://www.ebay.com/itm/225936656368?_trkparms=5373%3A5000006400%7C5374%3ATech%7C5079%3A5000006400
,,,,,,Retevis H777 walkie talkie long range Rechargeable 2W FRS Two Way Radios 10 Pack,2026-03-12 03:10:10,$109.99,$149.99,Free shipping,https://www.ebay.com/itm/193602869616?_trkparms=5373%3A5000006400%7C5374%3ATech%7C5079%3A5000006400
,,,,,,REDTIGER F7NP 128GB Dash Camera Front and Rear 4K Dash Cam With WiFi&GPS,2026-03-12 03:10:10,$129.99,$189.99,Free shipping,https://www.ebay.com/itm/286761406185?_trkparms=5373%3A5000006400%7C5374%3ATech%7C5079%3A5000006400
,,,,,,Apple Watch Series 8 41mm GPS + WiFi + Cellular Unlocked Aluminum Case - Good,2026-03-12 03:10:10,$147.99,$299.99,,https://www.ebay.com/itm/195779072047?_trkparms=5373%3A5000006400%7C5374%3ATech%7C5079%3A5000006400
,,,,,,"Bose Solo Soundbar 2 Home Theater, Certified Refurbished",2026-03-12 03:10:10,$93.00,$199.00,Free shipping,https://www.ebay.com/itm/167031735841?_trkparms=5373%3A5000006400%7C5374%3ATech%7C5079%3A5000006400
,,,,,,eufy SoloCam S3 Solar Wireless Security Camera 360°PTZ 3K Dual-Cam Night Vision,2026-03-12 03:10:10,$89.99,$199.99,Free shipping,https://www.ebay.com/itm/386708545260?_trkparms=5373%3A5000006400%7C5374%3ATech%7C5079%3A5000006400
,,,,,,VIZIO 32” Class Full HD 1080p LED Smart TV VFD32M-0807,2026-03-12 03:10:10,$89.99,$169.99,Free shipping,https://www.ebay.com/itm/235812307908?_trkparms=5373%3A5000006400%7C5374%3ATech%7C5079%3A5000006400
,,,,,,Apple Pencil (USB-C) - White Stylus MUWA3AM/A with Pixel-Perfect Precision,2026-03-12 03:10:11,$51.82,$56.95,Free shipping,https://www.ebay.com/itm/296262723993?_trkparms=5373%3A5000006400%7C5374%3ATech%7C5079%3A5000006400
,,,,,,Apple Watch Series 8 41mm Gps Only Aluminum - 32GB -Very Good,2026-03-12 03:10:11,$151.00,,Free shipping,https://www.ebay.com/itm/134581825109?_trkparms=5373%3A5000006400%7C5374%3ATech%7C5079%3A5000006400
,,,,,,Resident Evil Requiem PlayStation 5 - For PlayStation 5 - Rated M (Mature +17) -,2026-03-12 03:10:11,$77.99,,Free shipping,https://www.ebay.com/itm/298082690431?_trkparms=5373%3A5000006400%7C5374%3ATech%7C5079%3A5000006400
,,,,,,Apple iPhone 16 128GB Unlocked Smartphone A3081 Good Condition,2026-03-12 03:10:11,$499.00,$701.00,Free shipping,https://www.ebay.com/itm/227050861810?_trkparms=5373%3A5000006400%7C5374%3ATech%7C5079%3A5000006423
,,,,,,Samsung Galaxy S21 5G 128GB G991U Unlocked - Good,2026-03-12 03:10:11,$134.99,$799.99,Free shipping,https://www.ebay.com/itm/254987231741?_trkparms=5373%3A5000006400%7C5374%3ATech%7C5079%3A5000006423
,,,,,,Apple iPhone 15 Pro 512GB Unlocked AT&T T-Mobile Verizon Very Good Condition,2026-03-12 03:10:11,$528.95,"$1,299.95",Free shipping,https://www.ebay.com/itm/296106949477?_trkparms=5373%3A5000006400%7C5374%3ATech%7C5079%3A5000006423
,,,,,,Samsung Galaxy S24+ 256GB S926U Unlocked - Excellent,2026-03-12 03:10:11,$431.99,$999.99,Free shipping,https://www.ebay.com/itm/256602372474?_trkparms=5373%3A5000006400%7C5374%3ATech%7C5079%3A5000006423
,,,,,,,2026-03-12 03:10:11,,,,
,,,,,,"HP EliteBook 840 G7 14"" 512GB i5-10310U WIN11P, Silver",2026-03-12 03:10:11,$225.00,$529.99,Free shipping,https://www.ebay.com/itm/366229051169?_trkparms=5373%3A5000006400%7C5374%3ATech%7C5079%3A5000006407
,,,,,,"Lenovo Legion 5 15.1"" WQXGA 165Hz Ultra 9 275HX 16GB RAM 1TB SSD RTX 5070",2026-03-12 03:10:11,"$1,499.99","$1,999.99",Free shipping,https://www.ebay.com/itm/306423604443?_trkparms=5373%3A5000006400%7C5374%3ATech%7C5079%3A5000006407
,,,,,,"HP OmniBook X 14-fk00 2-in-1 14"" Touch Laptop, Ryzen 7, 24GB, 1TB, Windows",2026-03-12 03:10:11,$599.99,$999.99,Free shipping,https://www.ebay.com/itm/167860839015?_trkparms=5373%3A5000006400%7C5374%3ATech%7C5079%3A5000006407
,,,,,,"Acer Swift Go 14"" Laptop Intel Core Ultra 7 155H 16GB RAM 1TB SSD Refurbished",2026-03-12 03:10:11,$371.99,$799.99,Free shipping,https://www.ebay.com/itm/276709583737?_trkparms=5373%3A5000006400%7C5374%3ATech%7C5079%3A5000006407
,,,,,,,2026-03-12 03:10:11,,,,
,,,,,,"LG OLED77G5WUA 77"" G5 4K UHD OLED evo Smart TV w/ Wall Mount",2026-03-12 03:10:11,"$2,299.00",,Free shipping,https://www.ebay.com/itm/297737539543?_trkparms=5373%3A5000006400%7C5374%3ATech%7C5079%3A5000006409
,,,,,,Samsung HW-B750F 5.1ch Bluetooth Soundbar with Wireless Subwoofer – 2025 Model,2026-03-12 03:10:11,$218.00,$599.95,Free shipping,https://www.ebay.com/itm/157040074913?_trkparms=5373%3A5000006400%7C5374%3ATech%7C5079%3A5000006409
,,,,,,Epson BrightLink 1485Fi FHD 5000Lumen 3LCD Interactive Classroom Laser Projector,2026-03-12 03:10:11,"$1,357.00","$3,099.00",Free shipping,https://www.ebay.com/itm/175297139043?_trkparms=5373%3A5000006400%7C5374%3ATech%7C5079%3A5000006409
,,,,,,Samsung 656W 11.1.4-Ch 656W Dolby Atmos Soundbar System HW-Q990D/ZA,2026-03-12 03:10:11,$829.98,"$1,599.99",Free shipping,https://www.ebay.com/itm/395482986060?_trkparms=5373%3A5000006400%7C5374%3ATech%7C5079%3A5000006409
,,,,,,,2026-03-12 03:10:11,,,,
,,,,,,SVBONY MK127 127mm Telescope Professional Maksutov-Cassegrain Planetary Visual,2026-03-12 03:10:11,$479.99,$533.32,Free shipping,https://www.ebay.com/itm/197423012127?_trkparms=5373%3A5000006400%7C5374%3ATech%7C5079%3A5000006430
,,,,,,SVBONY SV48P 102mm f/6.5 Telescope Astronomical Professional for Observation,2026-03-12 03:10:12,$229.99,$333.32,Free shipping,https://www.ebay.com/itm/196534578698?_trkparms=5373%3A5000006400%7C5374%3ATech%7C5079%3A5000006430
,,,,,,OM System Olympus OM-1 20MP Stacked Sensor Mirrorless Camera,2026-03-12 03:10:12,$875.00,,Free shipping,https://www.ebay.com/itm/205975048161?_trkparms=5373%3A5000006400%7C5374%3ATech%7C5079%3A5000006430
,,,,,,OM System Olympus OM-1 Mirrorless Camera w/12-40mm f/2.8 Pro II Lens,2026-03-12 03:10:12,"$1,499.00",,Free shipping,https://www.ebay.com/itm/147075451628?_trkparms=5373%3A5000006400%7C5374%3ATech%7C5079%3A5000006430
,,,,,,,2026-03-12 03:10:12,,,,
,,,,,,Nintendo Switch OLED 64GB Game Console + 1 Year🛡️ Warranty | 2-Day Shipping📦✈️,2026-03-12 03:10:12,$249.95,$399.99,Free shipping,https://www.ebay.com/itm/357950678927?_trkparms=5373%3A5000006400%7C5374%3ATech%7C5079%3A5000006401
,,,,,,Nex Playground Active Play System Motion Gaming Console AI Controller New OB,2026-03-12 03:10:12,$179.99,$199.99,Free shipping,https://www.ebay.com/itm/389679669427?_trkparms=5373%3A5000006400%7C5374%3ATech%7C5079%3A5000006401
,,,,,,"Gaming Charging Case 20W for Nintendo Switch 2, Sage Green",2026-03-12 03:10:12,$69.99,,Free shipping,https://www.ebay.com/itm/127701925145?_trkparms=5373%3A5000006400%7C5374%3ATech%7C5079%3A5000006401
,,,,,,"Gaming Charging Case 20W for Nintendo Switch 2, Sand",2026-03-12 03:10:12,$69.99,,Free shipping,https://www.ebay.com/itm/127701925104?_trkparms=5373%3A5000006400%7C5374%3ATech%7C5079%3A5000006401
,,,,,,,2026-03-12 03:10:12,,,,
,,,,,,"Apple 2022 iPad Pro, 12.9-inch, Wi-Fi + Cellular, 256GB, Silver - Excellent",2026-03-12 03:10:12,$592.99,"$1,399.00",Free shipping,https://www.ebay.com/itm/406710862765?_trkparms=5373%3A5000006400%7C5374%3ATech%7C5079%3A5000006415
,,,,,,TABWEE T90 Android Tablet With GPS 11 Inch Andriod 16 24GB+128GB 8000mAh T615,2026-03-12 03:10:12,$139.00,,Free shipping,https://www.ebay.com/itm/366144621889?_trkparms=5373%3A5000006400%7C5374%3ATech%7C5079%3A5000006415
,,,,,,"Apple iPad Air 5 M1 (2022) 10.9"" 64GB 256GB - WiFi or Cellular - Good",2026-03-12 03:10:12,$289.99,,Free shipping,https://www.ebay.com/itm/157484606510?_trkparms=5373%3A5000006400%7C5374%3ATech%7C5079%3A5000006415
,,,,,,Apple iPad Pro 12.9″ (5th Gen 2021) Wi-Fi M1 Excellent Condition 1 Year Warranty,2026-03-12 03:10:12,$499.95,,Free shipping,https://www.ebay.com/itm/227211848353?_trkparms=5373%3A5000006400%7C5374%3ATech%7C5079%3A5000006415
,,,,,,,2026-03-12 03:10:12,,,,
,,,,,,Apple AirPods Pro 2nd Generation Gen 2 2023 A2968 with Magsafe USB-C Charging,2026-03-12 03:10:12,$139.95,$250.00,Free shipping,https://www.ebay.com/itm/285636515887?_trkparms=5373%3A5000006400%7C5374%3ATech%7C5079%3A5000006419
,,,,,,Anker 737 Power Bank 24000mAh 3-Port Portable Charger 140W for iPhone 14/MacBook,2026-03-12 03:10:12,$74.99,$159.99,Free shipping,https://www.ebay.com/itm/385840234596?_trkparms=5373%3A5000006400%7C5374%3ATech%7C5079%3A5000006419
,,,,,,Samsung Galaxy Buds+ Plus SM-R175 Bluetooth True Wireless Earbuds 2020 Colors SR,2026-03-12 03:10:13,$54.95,,Free shipping,https://www.ebay.com/itm/185460063087?_trkparms=5373%3A5000006400%7C5374%3ATech%7C5079%3A5000006419
,,,,,,Apple AirPods Pro 3 Wireless Active Noise Cancelling Earbuds Magsafe MFHP4LL/A,2026-03-12 03:10:13,$186.95,,Free shipping,https://www.ebay.com/itm/277504800257?_trkparms=5373%3A5000006400%7C5374%3ATech%7C5079%3A5000006419
,,,,,,,2026-03-12 03:10:13,,,,
,,,,,,"2-Bay/4-Bay Hard Drive Enclosure for 3.5""/2.5'' SATA HDD/SSD 10Gbps USB-C 3.2",2026-03-12 03:10:13,$75.99,$151.98,Free shipping,https://www.ebay.com/itm/236532412408?_trkparms=5373%3A5000006400%7C5374%3ATech%7C5079%3A5000006421
,,,,,,WL OEM 20TB 7.2K RPM SATA 6Gb/s 3.5in Enterprise HDD,2026-03-12 03:10:13,$357.46,,Free shipping,https://www.ebay.com/itm/297831103459?_trkparms=5373%3A5000006400%7C5374%3ATech%7C5079%3A5000006421
,,,,,,"Samsung - Geek Squad Certified Refurbished T9 Portable SSD 4TB, Up to 2,000MB...",2026-03-12 03:10:13,$459.99,,Free shipping,https://www.ebay.com/itm/205471528497?_trkparms=5373%3A5000006400%7C5374%3ATech%7C5079%3A5000006421
,,,,,,SAMSUNG SSD 7.68TB 4TB 3.84TB 2TB 1.92TB 1TB 960GB 512GB 500GB 480GB 2.5 6Gbps,2026-03-12 03:10:13,$74.99,,Free shipping,https://www.ebay.com/itm/326859827047?_trkparms=5373%3A5000006400%7C5374%3ATech%7C5079%3A5000006421
,,,,,,,2026-03-12 03:10:14,,,,
,,,,,,"Bose QuietComfort Ultra Noise Cancelling Headphones, Certified Refurbished",2026-03-12 03:10:14,$215.00,$229.00,Free shipping,https://www.ebay.com/itm/166708867898?_trkparms=5373%3A5000006400%7C5374%3ATech%7C5079%3A5000006403
,,,,,,JBL PartyBox 1000 Portable Bluetooth Party Speaker with Full Panel Light Effects,2026-03-12 03:10:14,$849.00,"$1,349.95",Free shipping,https://www.ebay.com/itm/184651964031?_trkparms=5373%3A5000006400%7C5374%3ATech%7C5079%3A5000006403
,,,,,,"Soundcore Anker Life Q20 Hybrid Active Noise Cancelling Headphones, Wireless",2026-03-12 03:10:14,$22.99,$28.74,Free shipping,https://www.ebay.com/itm/389129473103?_trkparms=5373%3A5000006400%7C5374%3ATech%7C5079%3A5000006403
,,,,,,Beats Fit Pro Ear Hooks Ear wings Replacement Black White Purple Gray Blue 1Pair,2026-03-12 03:10:14,$16.00,,Free shipping,https://www.ebay.com/itm/376769728164?_trkparms=5373%3A5000006400%7C5374%3ATech%7C5079%3A5000006403
,,,,,,,2026-03-12 03:10:14,,,,
,,,,,,Bundle: Canon SELPHY CP1500 Compact Photo Printer White with KP-108IN Paper Set,2026-03-12 03:10:14,$203.99,$299.99,Free shipping,https://www.ebay.com/itm/196220534433?_trkparms=5373%3A5000006400%7C5374%3ATech%7C5079%3A5000006417
,,,,,,Genuine HP 646A CF032AC Yellow High Yield Toner 12.5K HP LaserJet CM4540 MFP NEW,2026-03-12 03:10:14,$19.00,$39.00,Free shipping,https://www.ebay.com/itm/305583237926?_trkparms=5373%3A5000006400%7C5374%3ATech%7C5079%3A5000006417
,,,,,,Genuine HP 646A CF033AC Magenta High Yield Toner 12.5K LaserJet CM4540 MFP NEW,2026-03-12 03:10:14,$17.99,$37.99,Free shipping,https://www.ebay.com/itm/305583258247?_trkparms=5373%3A5000006400%7C5374%3ATech%7C5079%3A5000006417
,,,,,,Canon Selphy CP1500 Wireless Compact Photo Printer (Black),2026-03-12 03:10:14,$179.00,$199.00,Free shipping,https://www.ebay.com/itm/376377515182?_trkparms=5373%3A5000006400%7C5374%3ATech%7C5079%3A5000006417
,,,,,,,2026-03-12 03:10:14,,,,
,,,,,,REDTIGER F7NP 128GB Dash Camera Front and Rear 4K Dash Cam With WiFi&GPS,2026-03-12 03:10:14,$129.99,$189.99,Free shipping,https://www.ebay.com/itm/286761406185?_trkparms=5373%3A5000006400%7C5374%3ATech%7C5079%3A5000006432
,,,,,,REDTIGER 4K Dash Cam Front and Rear with AI-Powered Driver Assistance G-Sensor,2026-03-12 03:10:14,$79.99,$139.99,Free shipping,https://www.ebay.com/itm/285933024479?_trkparms=5373%3A5000006400%7C5374%3ATech%7C5079%3A5000006432
,,,,,,MUCAR 892BT Full Systems Car Bidirectional Diagnostic Scan Tool Life Free Update,2026-03-12 03:10:14,$489.00,$569.00,Free shipping,https://www.ebay.com/itm/397321692203?_trkparms=5373%3A5000006400%7C5374%3ATech%7C5079%3A5000006432
,,,,,,2026 Thinkscan Plus S7 Car OBD2 Scanner Auto Diagnostic Tool ABS SRS BCM IC AC,2026-03-12 03:10:14,$125.99,$189.99,Free shipping,https://www.ebay.com/itm/394131576153?_trkparms=5373%3A5000006400%7C5374%3ATech%7C5079%3A5000006432
,,,,,,,2026-03-12 03:10:14,,,,
,,,,,,Olympus OM System 12-40mm f2.8 M.Zuiko ED PRO II Lens Micro 4/3 MFT,2026-03-12 03:10:14,$699.00,,Free shipping,https://www.ebay.com/itm/205996230549?_trkparms=5373%3A5000006400%7C5374%3ATech%7C5079%3A5000006425
,,,,,,"PANASONIC LUMIX G Leica DG ELMARIT Professional Lens, 200mm, F2.8 ASPH,",2026-03-12 03:10:14,"$2,339.95","$3,626.99",Free shipping,https://www.ebay.com/itm/197772160091?_trkparms=5373%3A5000006400%7C5374%3ATech%7C5079%3A5000006425
,,,,,,Sony FE 24-70mm f/2.8 GM II Lens - Fast USA Shipping!,2026-03-12 03:10:15,"$2,299.00",,Free shipping,https://www.ebay.com/itm/206009821598?_trkparms=5373%3A5000006400%7C5374%3ATech%7C5079%3A5000006425
,,,,,,Sony FE 70-200mm f2.8 GM OSS II Lens SEL70200GM2 *Sony USA Warranty,2026-03-12 03:10:15,"$2,889.00",,Free shipping,https://www.ebay.com/itm/147103302859?_trkparms=5373%3A5000006400%7C5374%3ATech%7C5079%3A5000006425
,,,,,,,2026-03-12 03:10:15,,,,
,,,,,,"Bose QuietComfort Ultra Noise Cancelling Headphones, Certified Refurbished",2026-03-12 03:10:15,$215.00,$229.00,Free shipping,https://www.ebay.com/itm/166708867898?_trkparms=5373%3A5000006400%7C5374%3ATech%7C5079%3A5000006413
,,,,,,"LG OLED77G5WUA 77"" G5 4K UHD OLED evo Smart TV w/ Wall Mount",2026-03-12 03:10:15,"$2,299.00",,Free shipping,https://www.ebay.com/itm/297737539543?_trkparms=5373%3A5000006400%7C5374%3ATech%7C5079%3A5000006413
,,,,,,REDTIGER F7NP 128GB Dash Camera Front and Rear 4K Dash Cam With WiFi&GPS,2026-03-12 03:10:15,$129.99,$189.99,Free shipping,https://www.ebay.com/itm/286761406185?_trkparms=5373%3A5000006400%7C5374%3ATech%7C5079%3A5000006413
,,,,,,JBL PartyBox 1000 Portable Bluetooth Party Speaker with Full Panel Light Effects,2026-03-12 03:10:15,$849.00,"$1,349.95",Free shipping,https://www.ebay.com/itm/184651964031?_trkparms=5373%3A5000006400%7C5374%3ATech%7C5079%3A5000006413
,,,,,,,2026-03-12 03:10:15,,,,
,,,,,,Belkin Thunderbolt 3 Dock Pro (Certified Refurbished) - Space Grey,2026-03-12 03:10:15,$72.00,$179.99,Free shipping,https://www.ebay.com/itm/127463179236?_trkparms=5373%3A5000006400%7C5374%3ATech%7C5079%3A5000006427
,,,,,,Belkin USB-C Multimedia Hub (Certified Refurbished) - Silver,2026-03-12 03:10:15,$40.00,$99.99,Free shipping,https://www.ebay.com/itm/127463179126?_trkparms=5373%3A5000006400%7C5374%3ATech%7C5079%3A5000006427
,,,,,,Belkin Thunderbolt 3 Dock Plus (Certified Refurbished) - Black,2026-03-12 03:10:15,$100.00,$249.99,Free shipping,https://www.ebay.com/itm/127463179800?_trkparms=5373%3A5000006400%7C5374%3ATech%7C5079%3A5000006427
,,,,,,Belkin Connect USB-C 11-in-1 Multiport Dock (Certified Refurbished) - Silver,2026-03-12 03:10:15,$48.00,$119.99,Free shipping,https://www.ebay.com/itm/127463178960?_trkparms=5373%3A5000006400%7C5374%3ATech%7C5079%3A5000006427
,,,,,,,2026-03-12 03:10:15,,,,
,,,,,,Apple iPhone 16 128GB Unlocked Smartphone A3081 Good Condition,2026-03-12 03:10:15,$499.00,$701.00,Free shipping,https://www.ebay.com/itm/227050861810?_trkparms=5373%3A5000006400%7C5374%3ATech%7C5079%3A5000006411
,,,,,,Samsung Galaxy S21 5G 128GB G991U Unlocked - Good,2026-03-12 03:10:15,$134.99,$799.99,Free shipping,https://www.ebay.com/itm/254987231741?_trkparms=5373%3A5000006400%7C5374%3ATech%7C5079%3A5000006411
,,,,,,Apple iPhone 15 Pro 512GB Unlocked AT&T T-Mobile Verizon Very Good Condition,2026-03-12 03:10:16,$528.95,"$1,299.95",Free shipping,https://www.ebay.com/itm/296106949477?_trkparms=5373%3A5000006400%7C5374%3ATech%7C5079%3A5000006411
,,,,,,Apple AirPods Pro 2nd Generation Gen 2 2023 A2968 with Magsafe USB-C Charging,2026-03-12 03:10:16,$139.95,$250.00,Free shipping,https://www.ebay.com/itm/285636515887?_trkparms=5373%3A5000006400%7C5374%3ATech%7C5079%3A5000006411
,,,,,,,2026-03-12 03:10:16,,,,
,,,,,,"LG UltraWide 34"" WQHD HDR 10 120Hz 5ms Curved Monitor Black 34U62TB-B 2025 Model",2026-03-12 03:10:16,$189.99,$399.99,Free shipping,https://www.ebay.com/itm/136761082570?_trkparms=5373%3A5000006400%7C5374%3ATech%7C5079%3A5000006405
,,,,,,"Refurbished HUION Kamvas Pro 19 18.4"" UHD Drawing Tablet Touch Screen PenTech4.0",2026-03-12 03:10:16,$729.00,,Free shipping,https://www.ebay.com/itm/335438627589?_trkparms=5373%3A5000006400%7C5374%3ATech%7C5079%3A5000006405
,,,,,,"Refurbished HUION Kamvas 13 (Gen 3) 13.3"" Graphic Tablet Pen Display PenTech4.0",2026-03-12 03:10:16,$169.00,,Free shipping,https://www.ebay.com/itm/335778622198?_trkparms=5373%3A5000006400%7C5374%3ATech%7C5079%3A5000006405
,,,,,,AX3000 WiFi Mesh Extender Long Range Outdoor WiFi 6 Access Point Repeater PoE,2026-03-12 03:10:16,$199.99,$499.98,Free shipping,https://www.ebay.com/itm/236292160001?_trkparms=5373%3A5000006400%7C5374%3ATech%7C5079%3A5000006405
,,,,,,,2026-03-12 03:10:16,,,,
,,,,,,"2021 Apple M1 Pro MacBook Pro 16"" 32GB/512GB SSD - (Space Gray) A2485 w/Warranty",2026-03-12 04:47:26,$795.15,"$2,699.00",Free shipping,https://www.ebay.com/itm/146647402645?_trkparms=5373%3A5000006400%7C5374%3ATech%7C5079%3A5000006400
,,,,,,Samsung Galaxy S22+ 128GB S906U Unlocked - Very Good,2026-03-12 04:47:26,$182.99,$999.99,,https://www.ebay.com/itm/255788146958?_trkparms=5373%3A5000006400%7C5374%3ATech%7C5079%3A5000006400
,,,,,,Samsung Galaxy S23 128GB S911U Unlocked - Excellent,2026-03-12 04:47:26,$239.99,$799.99,,https://www.ebay.com/itm/256372271129?_trkparms=5373%3A5000006400%7C5374%3ATech%7C5079%3A5000006400
,,,,,,Samsung Galaxy S21 5G 128GB G991U Unlocked - Good,2026-03-12 04:47:26,$134.99,$799.99,,https://www.ebay.com/itm/254987231741?_trkparms=5373%3A5000006400%7C5374%3ATech%7C5079%3A5000006400
,,,,,,Samsung Galaxy S23 Ultra S918U1 256GB Unlocked - Very Good Refurbished,2026-03-12 04:47:26,$402.99,$999.99,,https://www.ebay.com/itm/205816814214?_trkparms=5373%3A5000006400%7C5374%3ATech%7C5079%3A5000006400
,,,,,,Samsung Galaxy S23 Ultra 256GB S918U Unlocked - Very Good,2026-03-12 04:47:26,$385.99,"$1,199.99",,https://www.ebay.com/itm/256379350872?_trkparms=5373%3A5000006400%7C5374%3ATech%7C5079%3A5000006400
,,,,,,Apple iPhone 14 Pro 256GB Unlocked - Excellent,2026-03-12 04:47:26,$414.99,"$1,099.00",,https://www.ebay.com/itm/257331960588?_trkparms=5373%3A5000006400%7C5374%3ATech%7C5079%3A5000006400
,,,,,,Samsung Galaxy S22+ 128GB S906U Unlocked - Good,2026-03-12 04:47:26,$163.99,$999.99,,https://www.ebay.com/itm/255803826545?_trkparms=5373%3A5000006400%7C5374%3ATech%7C5079%3A5000006400
,,,,,,Apple iPhone 15 256GB Factory Unlocked AT&T T-Mobile Verizon Very Good Condition,2026-03-12 04:47:26,$423.95,$899.00,,https://www.ebay.com/itm/296120880922?_trkparms=5373%3A5000006400%7C5374%3ATech%7C5079%3A5000006400
,,,,,,Samsung Galaxy Watch4 Classic R880 42mm Black GPS + WiFi + Bluetooth - Very Good,2026-03-12 04:47:26,$40.99,$199.99,,https://www.ebay.com/itm/313891339572?_trkparms=5373%3A5000006400%7C5374%3ATech%7C5079%3A5000006400
,,,,,,Apple iPhone 15 Pro A2848 256GB Unlocked - Excellent Refurbished,2026-03-12 04:47:26,$499.99,$999.99,,https://www.ebay.com/itm/357948869031?_trkparms=5373%3A5000006400%7C5374%3ATech%7C5079%3A5000006400
,,,,,,Samsung Galaxy S24+ 256GB S926U Unlocked - Excellent,2026-03-12 04:47:26,$431.99,$999.99,,https://www.ebay.com/itm/256602372474?_trkparms=5373%3A5000006400%7C5374%3ATech%7C5079%3A5000006400
,,,,,,Apple Watch Ultra GPS & Cellular 49mm Titanium Trail Alpine Loop Ocean Excellent,2026-03-12 04:47:27,$297.99,$799.00,,https://www.ebay.com/itm/406318312547?_trkparms=5373%3A5000006400%7C5374%3ATech%7C5079%3A5000006400
,,,,,,Apple iPhone 14 Pro 256GB Unlocked - Very Good,2026-03-12 04:47:27,$385.99,"$1,099.00",,https://www.ebay.com/itm/257331960624?_trkparms=5373%3A5000006400%7C5374%3ATech%7C5079%3A5000006400
,,,,,,"Google Pixel 9 Pro 256GB 6.3"" 5G Fully Unlocked, Excellent - Has LCD Shadow",2026-03-12 04:47:27,$394.99,$999.00,,https://www.ebay.com/itm/406685045390?_trkparms=5373%3A5000006400%7C5374%3ATech%7C5079%3A5000006400
,,,,,,Apple iPhone 16 Plus 128GB Unlocked Good Condition,2026-03-12 04:47:27,$509.00,$714.00,,https://www.ebay.com/itm/227011332517?_trkparms=5373%3A5000006400%7C5374%3ATech%7C5079%3A5000006400
,,,,,,Apple iPhone 16 256GB Factory Unlocked AT&T T-Mobile Verizon Very Good Condition,2026-03-12 04:47:27,$586.95,$899.00,,https://www.ebay.com/itm/296819057702?_trkparms=5373%3A5000006400%7C5374%3ATech%7C5079%3A5000006400
,,,,,,Apple iPhone 16 Pro 256GB Unlocked Excellent Condition,2026-03-12 04:47:27,$689.00,$948.00,,https://www.ebay.com/itm/226983072197?_trkparms=5373%3A5000006400%7C5374%3ATech%7C5079%3A5000006400
,,,,,,"Google Pixel Fold 5G 256GB 7.6"" T-Mobile Only, Obsidian Black - Excellent",2026-03-12 04:47:27,$288.99,"$1,799.00",,https://www.ebay.com/itm/406721939322?_trkparms=5373%3A5000006400%7C5374%3ATech%7C5079%3A5000006400
,,,,,,Apple iPhone 13 Pro Max 128GB Unlocked - Very Good,2026-03-12 04:47:27,$370.99,"$1,199.99",,https://www.ebay.com/itm/256488375003?_trkparms=5373%3A5000006400%7C5374%3ATech%7C5079%3A5000006400
,,,,,,Samsung Galaxy S23+ 256GB S916U Unlocked - Good,2026-03-12 04:47:27,$269.99,$999.99,,https://www.ebay.com/itm/256372558330?_trkparms=5373%3A5000006400%7C5374%3ATech%7C5079%3A5000006400
,,,,,,Apple iPhone 16 Pro 512GB Unlocked Good Condition,2026-03-12 04:47:27,$669.00,$969.00,,https://www.ebay.com/itm/227030019541?_trkparms=5373%3A5000006400%7C5374%3ATech%7C5079%3A5000006400
,,,,,,Apple Watch Series SE (2nd Gen) 40mm GPS + WiFi + Cellular Unlocked - Good,2026-03-12 04:47:27,$99.99,$299.99,,https://www.ebay.com/itm/314605138200?_trkparms=5373%3A5000006400%7C5374%3ATech%7C5079%3A5000006400
,,,,,,Apple iPhone 13 Pro Max 128GB Unlocked - Good,2026-03-12 04:47:27,$356.99,"$1,199.99",,https://www.ebay.com/itm/256880902001?_trkparms=5373%3A5000006400%7C5374%3ATech%7C5079%3A5000006400
,,,,,,Apple iPhone 12 Pro Max 128GB Fully Unlocked - EXCELLENT Condition,2026-03-12 04:47:27,$326.99,$499.99,,https://www.ebay.com/itm/225966696293?_trkparms=5373%3A5000006400%7C5374%3ATech%7C5079%3A5000006400
,,,,,,eufy SoloCam S340 Outdoor Solar Security Camera 3K Dual-Camera Pan&Tilt 8xZoom,2026-03-12 04:47:27,$105.00,$199.99,,https://www.ebay.com/itm/387549414157?_trkparms=5373%3A5000006400%7C5374%3ATech%7C5079%3A5000006400
,,,,,,Apple iPhone 12 128GB - Fully Unlocked - VERY GOOD Condition,2026-03-12 04:47:27,$216.99,$499.99,,https://www.ebay.com/itm/225936656368?_trkparms=5373%3A5000006400%7C5374%3ATech%7C5079%3A5000006400
,,,,,,Retevis H777 walkie talkie long range Rechargeable 2W FRS Two Way Radios 10 Pack,2026-03-12 04:47:27,$109.99,$149.99,Free shipping,https://www.ebay.com/itm/193602869616?_trkparms=5373%3A5000006400%7C5374%3ATech%7C5079%3A5000006400
,,,,,,REDTIGER F7NP 128GB Dash Camera Front and Rear 4K Dash Cam With WiFi&GPS,2026-03-12 04:47:27,$129.99,$189.99,Free shipping,https://www.ebay.com/itm/286761406185?_trkparms=5373%3A5000006400%7C5374%3ATech%7C5079%3A5000006400
,,,,,,Apple Watch Series 8 41mm GPS + WiFi + Cellular Unlocked Aluminum Case - Good,2026-03-12 04:47:27,$147.99,$299.99,,https://www.ebay.com/itm/195779072047?_trkparms=5373%3A5000006400%7C5374%3ATech%7C5079%3A5000006400
,,,,,,Apple Watch Series 7 41mm GPS + WiFi + Cellular Unlocked Aluminum Case - Good,2026-03-12 04:47:27,$110.99,$299.99,,https://www.ebay.com/itm/404057662041?_trkparms=5373%3A5000006400%7C5374%3ATech%7C5079%3A5000006400
,,,,,,"Bose Solo Soundbar 2 Home Theater, Certified Refurbished",2026-03-12 04:47:27,$93.00,$199.00,Free shipping,https://www.ebay.com/itm/167031735841?_trkparms=5373%3A5000006400%7C5374%3ATech%7C5079%3A5000006400
,,,,,,eufy SoloCam S3 Solar Wireless Security Camera 360°PTZ 3K Dual-Cam Night Vision,2026-03-12 04:47:27,$89.99,$199.99,Free shipping,https://www.ebay.com/itm/386708545260?_trkparms=5373%3A5000006400%7C5374%3ATech%7C5079%3A5000006400
,,,,,,VIZIO 32” Class Full HD 1080p LED Smart TV VFD32M-0807,2026-03-12 04:47:27,$89.99,$169.99,Free shipping,https://www.ebay.com/itm/235812307908?_trkparms=5373%3A5000006400%7C5374%3ATech%7C5079%3A5000006400
,,,,,,Apple Pencil (USB-C) - White Stylus MUWA3AM/A with Pixel-Perfect Precision,2026-03-12 04:47:28,$51.82,$56.95,Free shipping,https://www.ebay.com/itm/296262723993?_trkparms=5373%3A5000006400%7C5374%3ATech%7C5079%3A5000006400
,,,,,,Apple Watch Series 8 41mm Gps Only Aluminum - 32GB -Very Good,2026-03-12 04:47:28,$151.00,,Free shipping,https://www.ebay.com/itm/134581825109?_trkparms=5373%3A5000006400%7C5374%3ATech%7C5079%3A5000006400
,,,,,,Resident Evil Requiem PlayStation 5 - For PlayStation 5 - Rated M (Mature +17) -,2026-03-12 04:47:28,$77.99,,Free shipping,https://www.ebay.com/itm/298082690431?_trkparms=5373%3A5000006400%7C5374%3ATech%7C5079%3A5000006400
,,,,,,Apple iPhone 16 128GB Unlocked Smartphone A3081 Good Condition,2026-03-12 04:47:28,$499.00,$701.00,Free shipping,https://www.ebay.com/itm/227050861810?_trkparms=5373%3A5000006400%7C5374%3ATech%7C5079%3A5000006423
,,,,,,Samsung Galaxy S21 5G 128GB G991U Unlocked - Good,2026-03-12 04:47:28,$134.99,$799.99,Free shipping,https://www.ebay.com/itm/254987231741?_trkparms=5373%3A5000006400%7C5374%3ATech%7C5079%3A5000006423
,,,,,,Apple iPhone 15 Pro 512GB Unlocked AT&T T-Mobile Verizon Very Good Condition,2026-03-12 04:47:28,$528.95,"$1,299.95",Free shipping,https://www.ebay.com/itm/296106949477?_trkparms=5373%3A5000006400%7C5374%3ATech%7C5079%3A5000006423
,,,,,,Samsung Galaxy S24+ 256GB S926U Unlocked - Excellent,2026-03-12 04:47:28,$431.99,$999.99,Free shipping,https://www.ebay.com/itm/256602372474?_trkparms=5373%3A5000006400%7C5374%3ATech%7C5079%3A5000006423
,,,,,,,2026-03-12 04:47:28,,,,
,,,,,,"HP EliteBook 840 G7 14"" 512GB i5-10310U WIN11P, Silver",2026-03-12 04:47:28,$225.00,$529.99,Free shipping,https://www.ebay.com/itm/366229051169?_trkparms=5373%3A5000006400%7C5374%3ATech%7C5079%3A5000006407
,,,,,,"Lenovo Legion 5 15.1"" WQXGA 165Hz Ultra 9 275HX 16GB RAM 1TB SSD RTX 5070",2026-03-12 04:47:28,"$1,499.99","$1,999.99",Free shipping,https://www.ebay.com/itm/306423604443?_trkparms=5373%3A5000006400%7C5374%3ATech%7C5079%3A5000006407
,,,,,,"HP OmniBook X 14-fk00 2-in-1 14"" Touch Laptop, Ryzen 7, 24GB, 1TB, Windows",2026-03-12 04:47:28,$599.99,$999.99,Free shipping,https://www.ebay.com/itm/167860839015?_trkparms=5373%3A5000006400%7C5374%3ATech%7C5079%3A5000006407
,,,,,,"Acer Swift Go 14"" Laptop Intel Core Ultra 7 155H 16GB RAM 1TB SSD Refurbished",2026-03-12 04:47:28,$371.99,$799.99,Free shipping,https://www.ebay.com/itm/276709583737?_trkparms=5373%3A5000006400%7C5374%3ATech%7C5079%3A5000006407
,,,,,,,2026-03-12 04:47:28,,,,
,,,,,,"LG OLED77G5WUA 77"" G5 4K UHD OLED evo Smart TV w/ Wall Mount",2026-03-12 04:47:28,"$2,299.00",,Free shipping,https://www.ebay.com/itm/297737539543?_trkparms=5373%3A5000006400%7C5374%3ATech%7C5079%3A5000006409
,,,,,,Samsung HW-B750F 5.1ch Bluetooth Soundbar with Wireless Subwoofer – 2025 Model,2026-03-12 04:47:28,$218.00,$599.95,Free shipping,https://www.ebay.com/itm/157040074913?_trkparms=5373%3A5000006400%7C5374%3ATech%7C5079%3A5000006409
,,,,,,Epson BrightLink 1485Fi FHD 5000Lumen 3LCD Interactive Classroom Laser Projector,2026-03-12 04:47:28,"$1,357.00","$3,099.00",Free shipping,https://www.ebay.com/itm/175297139043?_trkparms=5373%3A5000006400%7C5374%3ATech%7C5079%3A5000006409
,,,,,,Samsung 656W 11.1.4-Ch 656W Dolby Atmos Soundbar System HW-Q990D/ZA,2026-03-12 04:47:28,$829.98,"$1,599.99",Free shipping,https://www.ebay.com/itm/395482986060?_trkparms=5373%3A5000006400%7C5374%3ATech%7C5079%3A5000006409
,,,,,,,2026-03-12 04:47:28,,,,
,,,,,,SVBONY MK127 127mm Telescope Professional Maksutov-Cassegrain Planetary Visual,2026-03-12 04:47:28,$479.99,$533.32,Free shipping,https://www.ebay.com/itm/197423012127?_trkparms=5373%3A5000006400%7C5374%3ATech%7C5079%3A5000006430
,,,,,,SVBONY SV48P 102mm f/6.5 Telescope Astronomical Professional for Observation,2026-03-12 04:47:28,$229.99,$333.32,Free shipping,https://www.ebay.com/itm/196534578698?_trkparms=5373%3A5000006400%7C5374%3ATech%7C5079%3A5000006430
,,,,,,OM System Olympus OM-1 20MP Stacked Sensor Mirrorless Camera,2026-03-12 04:47:28,$875.00,,Free shipping,https://www.ebay.com/itm/205975048161?_trkparms=5373%3A5000006400%7C5374%3ATech%7C5079%3A5000006430
,,,,,,OM System Olympus OM-1 Mirrorless Camera w/12-40mm f/2.8 Pro II Lens,2026-03-12 04:47:28,"$1,499.00",,Free shipping,https://www.ebay.com/itm/147075451628?_trkparms=5373%3A5000006400%7C5374%3ATech%7C5079%3A5000006430
,,,,,,,2026-03-12 04:47:29,,,,
,,,,,,Nintendo Switch OLED 64GB Game Console + 1 Year🛡️ Warranty | 2-Day Shipping📦✈️,2026-03-12 04:47:29,$249.95,$399.99,Free shipping,https://www.ebay.com/itm/357950678927?_trkparms=5373%3A5000006400%7C5374%3ATech%7C5079%3A5000006401
,,,,,,Nex Playground Active Play System Motion Gaming Console AI Controller New OB,2026-03-12 04:47:29,$179.99,$199.99,Free shipping,https://www.ebay.com/itm/389679669427?_trkparms=5373%3A5000006400%7C5374%3ATech%7C5079%3A5000006401
,,,,,,"Gaming Charging Case 20W for Nintendo Switch 2, Sage Green",2026-03-12 04:47:29,$69.99,,Free shipping,https://www.ebay.com/itm/127701925145?_trkparms=5373%3A5000006400%7C5374%3ATech%7C5079%3A5000006401
,,,,,,"Gaming Charging Case 20W for Nintendo Switch 2, Sand",2026-03-12 04:47:29,$69.99,,Free shipping,https://www.ebay.com/itm/127701925104?_trkparms=5373%3A5000006400%7C5374%3ATech%7C5079%3A5000006401
,,,,,,,2026-03-12 04:47:29,,,,
,,,,,,"Apple 2022 iPad Pro, 12.9-inch, Wi-Fi + Cellular, 256GB, Silver - Excellent",2026-03-12 04:47:29,$592.99,"$1,399.00",Free shipping,https://www.ebay.com/itm/406710862765?_trkparms=5373%3A5000006400%7C5374%3ATech%7C5079%3A5000006415
,,,,,,TABWEE T90 Android Tablet With GPS 11 Inch Andriod 16 24GB+128GB 8000mAh T615,2026-03-12 04:47:29,$139.00,,Free shipping,https://www.ebay.com/itm/366144621889?_trkparms=5373%3A5000006400%7C5374%3ATech%7C5079%3A5000006415
,,,,,,"Apple iPad Air 5 M1 (2022) 10.9"" 64GB 256GB - WiFi or Cellular - Good",2026-03-12 04:47:29,$289.99,,Free shipping,https://www.ebay.com/itm/157484606510?_trkparms=5373%3A5000006400%7C5374%3ATech%7C5079%3A5000006415
,,,,,,Apple iPad Pro 12.9″ (5th Gen 2021) Wi-Fi M1 Excellent Condition 1 Year Warranty,2026-03-12 04:47:29,$499.95,,Free shipping,https://www.ebay.com/itm/227211848353?_trkparms=5373%3A5000006400%7C5374%3ATech%7C5079%3A5000006415
,,,,,,,2026-03-12 04:47:29,,,,
,,,,,,Apple AirPods Pro 2nd Generation Gen 2 2023 A2968 with Magsafe USB-C Charging,2026-03-12 04:47:29,$139.95,$250.00,Free shipping,https://www.ebay.com/itm/285636515887?_trkparms=5373%3A5000006400%7C5374%3ATech%7C5079%3A5000006419
,,,,,,Anker 737 Power Bank 24000mAh 3-Port Portable Charger 140W for iPhone 14/MacBook,2026-03-12 04:47:29,$74.99,$159.99,Free shipping,https://www.ebay.com/itm/385840234596?_trkparms=5373%3A5000006400%7C5374%3ATech%7C5079%3A5000006419
,,,,,,Samsung Galaxy Buds+ Plus SM-R175 Bluetooth True Wireless Earbuds 2020 Colors SR,2026-03-12 04:47:29,$54.95,,Free shipping,https://www.ebay.com/itm/185460063087?_trkparms=5373%3A5000006400%7C5374%3ATech%7C5079%3A5000006419
,,,,,,Apple AirPods Pro 3 Wireless Active Noise Cancelling Earbuds Magsafe MFHP4LL/A,2026-03-12 04:47:29,$186.95,,Free shipping,https://www.ebay.com/itm/277504800257?_trkparms=5373%3A5000006400%7C5374%3ATech%7C5079%3A5000006419
,,,,,,,2026-03-12 04:47:29,,,,
,,,,,,"2-Bay/4-Bay Hard Drive Enclosure for 3.5""/2.5'' SATA HDD/SSD 10Gbps USB-C 3.2",2026-03-12 04:47:29,$75.99,$151.98,Free shipping,https://www.ebay.com/itm/236532412408?_trkparms=5373%3A5000006400%7C5374%3ATech%7C5079%3A5000006421
,,,,,,WL OEM 20TB 7.2K RPM SATA 6Gb/s 3.5in Enterprise HDD,2026-03-12 04:47:29,$357.46,,Free shipping,https://www.ebay.com/itm/297831103459?_trkparms=5373%3A5000006400%7C5374%3ATech%7C5079%3A5000006421
,,,,,,"Samsung - Geek Squad Certified Refurbished T9 Portable SSD 4TB, Up to 2,000MB...",2026-03-12 04:47:29,$459.99,,Free shipping,https://www.ebay.com/itm/205471528497?_trkparms=5373%3A5000006400%7C5374%3ATech%7C5079%3A5000006421
,,,,,,SAMSUNG SSD 7.68TB 4TB 3.84TB 2TB 1.92TB 1TB 960GB 512GB 500GB 480GB 2.5 6Gbps,2026-03-12 04:47:29,$74.99,,Free shipping,https://www.ebay.com/itm/326859827047?_trkparms=5373%3A5000006400%7C5374%3ATech%7C5079%3A5000006421
,,,,,,,2026-03-12 04:47:29,,,,
,,,,,,"Bose QuietComfort Ultra Noise Cancelling Headphones, Certified Refurbished",2026-03-12 04:47:29,$215.00,$229.00,Free shipping,https://www.ebay.com/itm/166708867898?_trkparms=5373%3A5000006400%7C5374%3ATech%7C5079%3A5000006403
,,,,,,JBL PartyBox 1000 Portable Bluetooth Party Speaker with Full Panel Light Effects,2026-03-12 04:47:29,$849.00,"$1,349.95",Free shipping,https://www.ebay.com/itm/184651964031?_trkparms=5373%3A5000006400%7C5374%3ATech%7C5079%3A5000006403
,,,,,,"Soundcore Anker Life Q20 Hybrid Active Noise Cancelling Headphones, Wireless",2026-03-12 04:47:30,$22.99,$28.74,Free shipping,https://www.ebay.com/itm/389129473103?_trkparms=5373%3A5000006400%7C5374%3ATech%7C5079%3A5000006403
,,,,,,Beats Fit Pro Ear Hooks Ear wings Replacement Black White Purple Gray Blue 1Pair,2026-03-12 04:47:30,$16.00,,Free shipping,https://www.ebay.com/itm/376769728164?_trkparms=5373%3A5000006400%7C5374%3ATech%7C5079%3A5000006403
,,,,,,,2026-03-12 04:47:30,,,,
,,,,,,Bundle: Canon SELPHY CP1500 Compact Photo Printer White with KP-108IN Paper Set,2026-03-12 04:47:30,$203.99,$299.99,Free shipping,https://www.ebay.com/itm/196220534433?_trkparms=5373%3A5000006400%7C5374%3ATech%7C5079%3A5000006417
,,,,,,Genuine HP 646A CF032AC Yellow High Yield Toner 12.5K HP LaserJet CM4540 MFP NEW,2026-03-12 04:47:30,$19.00,$39.00,Free shipping,https://www.ebay.com/itm/305583237926?_trkparms=5373%3A5000006400%7C5374%3ATech%7C5079%3A5000006417
,,,,,,Genuine HP 646A CF033AC Magenta High Yield Toner 12.5K LaserJet CM4540 MFP NEW,2026-03-12 04:47:30,$17.99,$37.99,Free shipping,https://www.ebay.com/itm/305583258247?_trkparms=5373%3A5000006400%7C5374%3ATech%7C5079%3A5000006417
,,,,,,Canon Selphy CP1500 Wireless Compact Photo Printer (Black),2026-03-12 04:47:30,$179.00,$199.00,Free shipping,https://www.ebay.com/itm/376377515182?_trkparms=5373%3A5000006400%7C5374%3ATech%7C5079%3A5000006417
,,,,,,,2026-03-12 04:47:30,,,,
,,,,,,REDTIGER F7NP 128GB Dash Camera Front and Rear 4K Dash Cam With WiFi&GPS,2026-03-12 04:47:30,$129.99,$189.99,Free shipping,https://www.ebay.com/itm/286761406185?_trkparms=5373%3A5000006400%7C5374%3ATech%7C5079%3A5000006432
,,,,,,REDTIGER 4K Dash Cam Front and Rear with AI-Powered Driver Assistance G-Sensor,2026-03-12 04:47:30,$79.99,$139.99,Free shipping,https://www.ebay.com/itm/285933024479?_trkparms=5373%3A5000006400%7C5374%3ATech%7C5079%3A5000006432
,,,,,,MUCAR 892BT Full Systems Car Bidirectional Diagnostic Scan Tool Life Free Update,2026-03-12 04:47:30,$489.00,$569.00,Free shipping,https://www.ebay.com/itm/397321692203?_trkparms=5373%3A5000006400%7C5374%3ATech%7C5079%3A5000006432
,,,,,,2026 Thinkscan Plus S7 Car OBD2 Scanner Auto Diagnostic Tool ABS SRS BCM IC AC,2026-03-12 04:47:30,$125.99,$189.99,Free shipping,https://www.ebay.com/itm/394131576153?_trkparms=5373%3A5000006400%7C5374%3ATech%7C5079%3A5000006432
,,,,,,,2026-03-12 04:47:30,,,,
,,,,,,Olympus OM System 12-40mm f2.8 M.Zuiko ED PRO II Lens Micro 4/3 MFT,2026-03-12 04:47:30,$699.00,,Free shipping,https://www.ebay.com/itm/205996230549?_trkparms=5373%3A5000006400%7C5374%3ATech%7C5079%3A5000006425
,,,,,,"PANASONIC LUMIX G Leica DG ELMARIT Professional Lens, 200mm, F2.8 ASPH,",2026-03-12 04:47:30,"$2,339.95","$3,626.99",Free shipping,https://www.ebay.com/itm/197772160091?_trkparms=5373%3A5000006400%7C5374%3ATech%7C5079%3A5000006425
,,,,,,Sony FE 24-70mm f/2.8 GM II Lens - Fast USA Shipping!,2026-03-12 04:47:30,"$2,299.00",,Free shipping,https://www.ebay.com/itm/206009821598?_trkparms=5373%3A5000006400%7C5374%3ATech%7C5079%3A5000006425
,,,,,,Sony FE 70-200mm f2.8 GM OSS II Lens SEL70200GM2 *Sony USA Warranty,2026-03-12 04:47:30,"$2,889.00",,Free shipping,https://www.ebay.com/itm/147103302859?_trkparms=5373%3A5000006400%7C5374%3ATech%7C5079%3A5000006425
,,,,,,,2026-03-12 04:47:30,,,,
,,,,,,"Bose QuietComfort Ultra Noise Cancelling Headphones, Certified Refurbished",2026-03-12 04:47:30,$215.00,$229.00,Free shipping,https://www.ebay.com/itm/166708867898?_trkparms=5373%3A5000006400%7C5374%3ATech%7C5079%3A5000006413
,,,,,,"LG OLED77G5WUA 77"" G5 4K UHD OLED evo Smart TV w/ Wall Mount",2026-03-12 04:47:30,"$2,299.00",,Free shipping,https://www.ebay.com/itm/297737539543?_trkparms=5373%3A5000006400%7C5374%3ATech%7C5079%3A5000006413
,,,,,,REDTIGER F7NP 128GB Dash Camera Front and Rear 4K Dash Cam With WiFi&GPS,2026-03-12 04:47:30,$129.99,$189.99,Free shipping,https://www.ebay.com/itm/286761406185?_trkparms=5373%3A5000006400%7C5374%3ATech%7C5079%3A5000006413
,,,,,,JBL PartyBox 1000 Portable Bluetooth Party Speaker with Full Panel Light Effects,2026-03-12 04:47:30,$849.00,"$1,349.95",Free shipping,https://www.ebay.com/itm/184651964031?_trkparms=5373%3A5000006400%7C5374%3ATech%7C5079%3A5000006413
,,,,,,,2026-03-12 04:47:31,,,,
,,,,,,Belkin Thunderbolt 3 Dock Pro (Certified Refurbished) - Space Grey,2026-03-12 04:47:31,$72.00,$179.99,Free shipping,https://www.ebay.com/itm/127463179236?_trkparms=5373%3A5000006400%7C5374%3ATech%7C5079%3A5000006427
,,,,,,Belkin USB-C Multimedia Hub (Certified Refurbished) - Silver,2026-03-12 04:47:31,$40.00,$99.99,Free shipping,https://www.ebay.com/itm/127463179126?_trkparms=5373%3A5000006400%7C5374%3ATech%7C5079%3A5000006427
,,,,,,Belkin Thunderbolt 3 Dock Plus (Certified Refurbished) - Black,2026-03-12 04:47:31,$100.00,$249.99,Free shipping,https://www.ebay.com/itm/127463179800?_trkparms=5373%3A5000006400%7C5374%3ATech%7C5079%3A5000006427
,,,,,,Belkin Connect USB-C 11-in-1 Multiport Dock (Certified Refurbished) - Silver,2026-03-12 04:47:31,$48.00,$119.99,Free shipping,https://www.ebay.com/itm/127463178960?_trkparms=5373%3A5000006400%7C5374%3ATech%7C5079%3A5000006427
,,,,,,,2026-03-12 04:47:31,,,,
,,,,,,Apple iPhone 16 128GB Unlocked Smartphone A3081 Good Condition,2026-03-12 04:47:31,$499.00,$701.00,Free shipping,https://www.ebay.com/itm/227050861810?_trkparms=5373%3A5000006400%7C5374%3ATech%7C5079%3A5000006411
,,,,,,Samsung Galaxy S21 5G 128GB G991U Unlocked - Good,2026-03-12 04:47:31,$134.99,$799.99,Free shipping,https://www.ebay.com/itm/254987231741?_trkparms=5373%3A5000006400%7C5374%3ATech%7C5079%3A5000006411
,,,,,,Apple iPhone 15 Pro 512GB Unlocked AT&T T-Mobile Verizon Very Good Condition,2026-03-12 04:47:31,$528.95,"$1,299.95",Free shipping,https://www.ebay.com/itm/296106949477?_trkparms=5373%3A5000006400%7C5374%3ATech%7C5079%3A5000006411
,,,,,,Apple AirPods Pro 2nd Generation Gen 2 2023 A2968 with Magsafe USB-C Charging,2026-03-12 04:47:31,$139.95,$250.00,Free shipping,https://www.ebay.com/itm/285636515887?_trkparms=5373%3A5000006400%7C5374%3ATech%7C5079%3A5000006411
,,,,,,,2026-03-12 04:47:31,,,,
,,,,,,"LG UltraWide 34"" WQHD HDR 10 120Hz 5ms Curved Monitor Black 34U62TB-B 2025 Model",2026-03-12 04:47:31,$189.99,$399.99,Free shipping,https://www.ebay.com/itm/136761082570?_trkparms=5373%3A5000006400%7C5374%3ATech%7C5079%3A5000006405
,,,,,,"Refurbished HUION Kamvas Pro 19 18.4"" UHD Drawing Tablet Touch Screen PenTech4.0",2026-03-12 04:47:31,$729.00,,Free shipping,https://www.ebay.com/itm/335438627589?_trkparms=5373%3A5000006400%7C5374%3ATech%7C5079%3A5000006405
,,,,,,"Refurbished HUION Kamvas 13 (Gen 3) 13.3"" Graphic Tablet Pen Display PenTech4.0",2026-03-12 04:47:31,$169.00,,Free shipping,https://www.ebay.com/itm/335778622198?_trkparms=5373%3A5000006400%7C5374%3ATech%7C5079%3A5000006405
,,,,,,AX3000 WiFi Mesh Extender Long Range Outdoor WiFi 6 Access Point Repeater PoE,2026-03-12 04:47:31,$199.99,$499.98,Free shipping,https://www.ebay.com/itm/236292160001?_trkparms=5373%3A5000006400%7C5374%3ATech%7C5079%3A5000006405
,,,,,,,2026-03-12 04:47:31,,,,
,,,,,,"2021 Apple M1 Pro MacBook Pro 16"" 32GB/512GB SSD - (Space Gray) A2485 w/Warranty",2026-03-12 06:56:47,$795.15,"$2,699.00",Free shipping,https://www.ebay.com/itm/146647402645?_trkparms=5373%3A5000006400%7C5374%3ATech%7C5079%3A5000006400
,,,,,,Samsung Galaxy S22+ 128GB S906U Unlocked - Very Good,2026-03-12 06:56:47,$182.99,$999.99,N/A,https://www.ebay.com/itm/255788146958?_trkparms=5373%3A5000006400%7C5374%3ATech%7C5079%3A5000006400
,,,,,,Samsung Galaxy S23 128GB S911U Unlocked - Excellent,2026-03-12 06:56:48,$239.99,$799.99,N/A,https://www.ebay.com/itm/256372271129?_trkparms=5373%3A5000006400%7C5374%3ATech%7C5079%3A5000006400
,,,,,,Samsung Galaxy S21 5G 128GB G991U Unlocked - Good,2026-03-12 06:56:48,$134.99,$799.99,N/A,https://www.ebay.com/itm/254987231741?_trkparms=5373%3A5000006400%7C5374%3ATech%7C5079%3A5000006400
,,,,,,Samsung Galaxy S23 Ultra S918U1 256GB Unlocked - Very Good Refurbished,2026-03-12 06:56:48,$402.99,$999.99,N/A,https://www.ebay.com/itm/205816814214?_trkparms=5373%3A5000006400%7C5374%3ATech%7C5079%3A5000006400
,,,,,,Samsung Galaxy S23 Ultra 256GB S918U Unlocked - Very Good,2026-03-12 06:56:48,$385.99,"$1,199.99",N/A,https://www.ebay.com/itm/256379350872?_trkparms=5373%3A5000006400%7C5374%3ATech%7C5079%3A5000006400
,,,,,,Apple iPhone 14 Pro 256GB Unlocked - Excellent,2026-03-12 06:56:48,$414.99,"$1,099.00",N/A,https://www.ebay.com/itm/257331960588?_trkparms=5373%3A5000006400%7C5374%3ATech%7C5079%3A5000006400
,,,,,,Samsung Galaxy S22+ 128GB S906U Unlocked - Good,2026-03-12 06:56:48,$163.99,$999.99,N/A,https://www.ebay.com/itm/255803826545?_trkparms=5373%3A5000006400%7C5374%3ATech%7C5079%3A5000006400
,,,,,,Apple iPhone 15 256GB Factory Unlocked AT&T T-Mobile Verizon Very Good Condition,2026-03-12 06:56:48,$423.95,$899.00,N/A,https://www.ebay.com/itm/296120880922?_trkparms=5373%3A5000006400%7C5374%3ATech%7C5079%3A5000006400
,,,,,,Samsung Galaxy Watch4 Classic R880 42mm Black GPS + WiFi + Bluetooth - Very Good,2026-03-12 06:56:48,$40.99,$199.99,N/A,https://www.ebay.com/itm/313891339572?_trkparms=5373%3A5000006400%7C5374%3ATech%7C5079%3A5000006400
,,,,,,Apple iPhone 15 Pro A2848 256GB Unlocked - Excellent Refurbished,2026-03-12 06:56:48,$499.99,$999.99,N/A,https://www.ebay.com/itm/357948869031?_trkparms=5373%3A5000006400%7C5374%3ATech%7C5079%3A5000006400
,,,,,,Samsung Galaxy S24+ 256GB S926U Unlocked - Excellent,2026-03-12 06:56:48,$431.99,$999.99,N/A,https://www.ebay.com/itm/256602372474?_trkparms=5373%3A5000006400%7C5374%3ATech%7C5079%3A5000006400
,,,,,,Apple Watch Ultra GPS & Cellular 49mm Titanium Trail Alpine Loop Ocean Excellent,2026-03-12 06:56:48,$297.99,$799.00,N/A,https://www.ebay.com/itm/406318312547?_trkparms=5373%3A5000006400%7C5374%3ATech%7C5079%3A5000006400
,,,,,,Apple iPhone 14 Pro 256GB Unlocked - Very Good,2026-03-12 06:56:48,$385.99,"$1,099.00",N/A,https://www.ebay.com/itm/257331960624?_trkparms=5373%3A5000006400%7C5374%3ATech%7C5079%3A5000006400
,,,,,,"Google Pixel 9 Pro 256GB 6.3"" 5G Fully Unlocked, Excellent - Has LCD Shadow",2026-03-12 06:56:48,$394.99,$999.00,N/A,https://www.ebay.com/itm/406685045390?_trkparms=5373%3A5000006400%7C5374%3ATech%7C5079%3A5000006400
,,,,,,Apple iPhone 16 Plus 128GB Unlocked Good Condition,2026-03-12 06:56:48,$509.00,$714.00,N/A,https://www.ebay.com/itm/227011332517?_trkparms=5373%3A5000006400%7C5374%3ATech%7C5079%3A5000006400
,,,,,,Apple iPhone 16 256GB Factory Unlocked AT&T T-Mobile Verizon Very Good Condition,2026-03-12 06:56:48,$586.95,$899.00,N/A,https://www.ebay.com/itm/296819057702?_trkparms=5373%3A5000006400%7C5374%3ATech%7C5079%3A5000006400
,,,,,,Apple iPhone 16 Pro 256GB Unlocked Excellent Condition,2026-03-12 06:56:48,$689.00,$948.00,N/A,https://www.ebay.com/itm/226983072197?_trkparms=5373%3A5000006400%7C5374%3ATech%7C5079%3A5000006400
,,,,,,"Google Pixel Fold 5G 256GB 7.6"" T-Mobile Only, Obsidian Black - Excellent",2026-03-12 06:56:48,$288.99,"$1,799.00",N/A,https://www.ebay.com/itm/406721939322?_trkparms=5373%3A5000006400%7C5374%3ATech%7C5079%3A5000006400
,,,,,,Apple iPhone 13 Pro Max 128GB Unlocked - Very Good,2026-03-12 06:56:48,$370.99,"$1,199.99",N/A,https://www.ebay.com/itm/256488375003?_trkparms=5373%3A5000006400%7C5374%3ATech%7C5079%3A5000006400
,,,,,,Samsung Galaxy S23+ 256GB S916U Unlocked - Good,2026-03-12 06:56:48,$269.99,$999.99,N/A,https://www.ebay.com/itm/256372558330?_trkparms=5373%3A5000006400%7C5374%3ATech%7C5079%3A5000006400
,,,,,,Apple iPhone 16 Pro 512GB Unlocked Good Condition,2026-03-12 06:56:49,$669.00,$969.00,N/A,https://www.ebay.com/itm/227030019541?_trkparms=5373%3A5000006400%7C5374%3ATech%7C5079%3A5000006400
,,,,,,Apple Watch Series SE (2nd Gen) 40mm GPS + WiFi + Cellular Unlocked - Good,2026-03-12 06:56:49,$99.99,$299.99,N/A,https://www.ebay.com/itm/314605138200?_trkparms=5373%3A5000006400%7C5374%3ATech%7C5079%3A5000006400
,,,,,,Apple iPhone 13 Pro Max 128GB Unlocked - Good,2026-03-12 06:56:49,$356.99,"$1,199.99",N/A,https://www.ebay.com/itm/256880902001?_trkparms=5373%3A5000006400%7C5374%3ATech%7C5079%3A5000006400
,,,,,,Apple iPhone 12 Pro Max 128GB Fully Unlocked - EXCELLENT Condition,2026-03-12 06:56:49,$326.99,$499.99,N/A,https://www.ebay.com/itm/225966696293?_trkparms=5373%3A5000006400%7C5374%3ATech%7C5079%3A5000006400
,,,,,,eufy SoloCam S340 Outdoor Solar Security Camera 3K Dual-Camera Pan&Tilt 8xZoom,2026-03-12 06:56:49,$105.00,$199.99,N/A,https://www.ebay.com/itm/387549414157?_trkparms=5373%3A5000006400%7C5374%3ATech%7C5079%3A5000006400
,,,,,,Apple iPhone 12 128GB - Fully Unlocked - VERY GOOD Condition,2026-03-12 06:56:49,$216.99,$499.99,N/A,https://www.ebay.com/itm/225936656368?_trkparms=5373%3A5000006400%7C5374%3ATech%7C5079%3A5000006400
,,,,,,Retevis H777 walkie talkie long range Rechargeable 2W FRS Two Way Radios 10 Pack,2026-03-12 06:56:49,$109.99,$149.99,Free shipping,https://www.ebay.com/itm/193602869616?_trkparms=5373%3A5000006400%7C5374%3ATech%7C5079%3A5000006400
,,,,,,REDTIGER F7NP 128GB Dash Camera Front and Rear 4K Dash Cam With WiFi&GPS,2026-03-12 06:56:49,$129.99,$189.99,Free shipping,https://www.ebay.com/itm/286761406185?_trkparms=5373%3A5000006400%7C5374%3ATech%7C5079%3A5000006400
,,,,,,Apple Watch Series 8 41mm GPS + WiFi + Cellular Unlocked Aluminum Case - Good,2026-03-12 06:56:49,$147.99,$299.99,N/A,https://www.ebay.com/itm/195779072047?_trkparms=5373%3A5000006400%7C5374%3ATech%7C5079%3A5000006400
,,,,,,Apple Watch Series 7 41mm GPS + WiFi + Cellular Unlocked Aluminum Case - Good,2026-03-12 06:56:49,$110.99,$299.99,N/A,https://www.ebay.com/itm/404057662041?_trkparms=5373%3A5000006400%7C5374%3ATech%7C5079%3A5000006400
,,,,,,"Bose Solo Soundbar 2 Home Theater, Certified Refurbished",2026-03-12 06:56:49,$93.00,$199.00,Free shipping,https://www.ebay.com/itm/167031735841?_trkparms=5373%3A5000006400%7C5374%3ATech%7C5079%3A5000006400
,,,,,,eufy SoloCam S3 Solar Wireless Security Camera 360°PTZ 3K Dual-Cam Night Vision,2026-03-12 06:56:49,$89.99,$199.99,Free shipping,https://www.ebay.com/itm/386708545260?_trkparms=5373%3A5000006400%7C5374%3ATech%7C5079%3A5000006400
,,,,,,VIZIO 32” Class Full HD 1080p LED Smart TV VFD32M-0807,2026-03-12 06:56:49,$89.99,$169.99,Free shipping,https://www.ebay.com/itm/235812307908?_trkparms=5373%3A5000006400%7C5374%3ATech%7C5079%3A5000006400
,,,,,,Apple Pencil (USB-C) - White Stylus MUWA3AM/A with Pixel-Perfect Precision,2026-03-12 06:56:49,$51.82,$56.95,Free shipping,https://www.ebay.com/itm/296262723993?_trkparms=5373%3A5000006400%7C5374%3ATech%7C5079%3A5000006400
,,,,,,Apple Watch Series 8 41mm Gps Only Aluminum - 32GB -Very Good,2026-03-12 06:56:49,$151.00,N/A,Free shipping,https://www.ebay.com/itm/134581825109?_trkparms=5373%3A5000006400%7C5374%3ATech%7C5079%3A5000006400
,,,,,,Resident Evil Requiem PlayStation 5 - For PlayStation 5 - Rated M (Mature +17) -,2026-03-12 06:56:49,$77.99,N/A,Free shipping,https://www.ebay.com/itm/298082690431?_trkparms=5373%3A5000006400%7C5374%3ATech%7C5079%3A5000006400
,,,,,,Apple iPhone 16 128GB Unlocked Smartphone A3081 Good Condition,2026-03-12 06:56:49,$499.00,$701.00,Free shipping,https://www.ebay.com/itm/227050861810?_trkparms=5373%3A5000006400%7C5374%3ATech%7C5079%3A5000006423
,,,,,,Samsung Galaxy S21 5G 128GB G991U Unlocked - Good,2026-03-12 06:56:49,$134.99,$799.99,Free shipping,https://www.ebay.com/itm/254987231741?_trkparms=5373%3A5000006400%7C5374%3ATech%7C5079%3A5000006423
,,,,,,Apple iPhone 15 Pro 512GB Unlocked AT&T T-Mobile Verizon Very Good Condition,2026-03-12 06:56:50,$528.95,"$1,299.95",Free shipping,https://www.ebay.com/itm/296106949477?_trkparms=5373%3A5000006400%7C5374%3ATech%7C5079%3A5000006423
,,,,,,Samsung Galaxy S24+ 256GB S926U Unlocked - Excellent,2026-03-12 06:56:50,$431.99,$999.99,Free shipping,https://www.ebay.com/itm/256602372474?_trkparms=5373%3A5000006400%7C5374%3ATech%7C5079%3A5000006423
,,,,,,N/A,2026-03-12 06:56:50,N/A,N/A,N/A,N/A
,,,,,,"HP EliteBook 840 G7 14"" 512GB i5-10310U WIN11P, Silver",2026-03-12 06:56:50,$225.00,$529.99,Free shipping,https://www.ebay.com/itm/366229051169?_trkparms=5373%3A5000006400%7C5374%3ATech%7C5079%3A5000006407
,,,,,,"Lenovo Legion 5 15.1"" WQXGA 165Hz Ultra 9 275HX 16GB RAM 1TB SSD RTX 5070",2026-03-12 06:56:50,"$1,499.99","$1,999.99",Free shipping,https://www.ebay.com/itm/306423604443?_trkparms=5373%3A5000006400%7C5374%3ATech%7C5079%3A5000006407
,,,,,,"HP OmniBook X 14-fk00 2-in-1 14"" Touch Laptop, Ryzen 7, 24GB, 1TB, Windows",2026-03-12 06:56:50,$599.99,$999.99,Free shipping,https://www.ebay.com/itm/167860839015?_trkparms=5373%3A5000006400%7C5374%3ATech%7C5079%3A5000006407
,,,,,,"Acer Swift Go 14"" Laptop Intel Core Ultra 7 155H 16GB RAM 1TB SSD Refurbished",2026-03-12 06:56:50,$371.99,$799.99,Free shipping,https://www.ebay.com/itm/276709583737?_trkparms=5373%3A5000006400%7C5374%3ATech%7C5079%3A5000006407
,,,,,,N/A,2026-03-12 06:56:50,N/A,N/A,N/A,N/A
,,,,,,"LG OLED77G5WUA 77"" G5 4K UHD OLED evo Smart TV w/ Wall Mount",2026-03-12 06:56:50,"$2,299.00",N/A,Free shipping,https://www.ebay.com/itm/297737539543?_trkparms=5373%3A5000006400%7C5374%3ATech%7C5079%3A5000006409
,,,,,,Samsung HW-B750F 5.1ch Bluetooth Soundbar with Wireless Subwoofer – 2025 Model,2026-03-12 06:56:50,$218.00,$599.95,Free shipping,https://www.ebay.com/itm/157040074913?_trkparms=5373%3A5000006400%7C5374%3ATech%7C5079%3A5000006409
,,,,,,Epson BrightLink 1485Fi FHD 5000Lumen 3LCD Interactive Classroom Laser Projector,2026-03-12 06:56:50,"$1,357.00","$3,099.00",Free shipping,https://www.ebay.com/itm/175297139043?_trkparms=5373%3A5000006400%7C5374%3ATech%7C5079%3A5000006409
,,,,,,Samsung 656W 11.1.4-Ch 656W Dolby Atmos Soundbar System HW-Q990D/ZA,2026-03-12 06:56:50,$829.98,"$1,599.99",Free shipping,https://www.ebay.com/itm/395482986060?_trkparms=5373%3A5000006400%7C5374%3ATech%7C5079%3A5000006409
,,,,,,N/A,2026-03-12 06:56:50,N/A,N/A,N/A,N/A
,,,,,,SVBONY MK127 127mm Telescope Professional Maksutov-Cassegrain Planetary Visual,2026-03-12 06:56:50,$479.99,$533.32,Free shipping,https://www.ebay.com/itm/197423012127?_trkparms=5373%3A5000006400%7C5374%3ATech%7C5079%3A5000006430
,,,,,,SVBONY SV48P 102mm f/6.5 Telescope Astronomical Professional for Observation,2026-03-12 06:56:50,$229.99,$333.32,Free shipping,https://www.ebay.com/itm/196534578698?_trkparms=5373%3A5000006400%7C5374%3ATech%7C5079%3A5000006430
,,,,,,OM System Olympus OM-1 20MP Stacked Sensor Mirrorless Camera,2026-03-12 06:56:50,$875.00,N/A,Free shipping,https://www.ebay.com/itm/205975048161?_trkparms=5373%3A5000006400%7C5374%3ATech%7C5079%3A5000006430
,,,,,,OM System Olympus OM-1 Mirrorless Camera w/12-40mm f/2.8 Pro II Lens,2026-03-12 06:56:50,"$1,499.00",N/A,Free shipping,https://www.ebay.com/itm/147075451628?_trkparms=5373%3A5000006400%7C5374%3ATech%7C5079%3A5000006430
,,,,,,N/A,2026-03-12 06:56:50,N/A,N/A,N/A,N/A
,,,,,,Nintendo Switch OLED 64GB Game Console + 1 Year🛡️ Warranty | 2-Day Shipping📦✈️,2026-03-12 06:56:50,$249.95,$399.99,Free shipping,https://www.ebay.com/itm/357950678927?_trkparms=5373%3A5000006400%7C5374%3ATech%7C5079%3A5000006401
,,,,,,Nex Playground Active Play System Motion Gaming Console AI Controller New OB,2026-03-12 06:56:51,$179.99,$199.99,Free shipping,https://www.ebay.com/itm/389679669427?_trkparms=5373%3A5000006400%7C5374%3ATech%7C5079%3A5000006401
,,,,,,"Gaming Charging Case 20W for Nintendo Switch 2, Sage Green",2026-03-12 06:56:51,$69.99,N/A,Free shipping,https://www.ebay.com/itm/127701925145?_trkparms=5373%3A5000006400%7C5374%3ATech%7C5079%3A5000006401
,,,,,,"Gaming Charging Case 20W for Nintendo Switch 2, Sand",2026-03-12 06:56:51,$69.99,N/A,Free shipping,https://www.ebay.com/itm/127701925104?_trkparms=5373%3A5000006400%7C5374%3ATech%7C5079%3A5000006401
,,,,,,N/A,2026-03-12 06:56:51,N/A,N/A,N/A,N/A
,,,,,,"Apple 2022 iPad Pro, 12.9-inch, Wi-Fi + Cellular, 256GB, Silver - Excellent",2026-03-12 06:56:51,$592.99,"$1,399.00",Free shipping,https://www.ebay.com/itm/406710862765?_trkparms=5373%3A5000006400%7C5374%3ATech%7C5079%3A5000006415
,,,,,,TABWEE T90 Android Tablet With GPS 11 Inch Andriod 16 24GB+128GB 8000mAh T615,2026-03-12 06:56:51,$139.00,N/A,Free shipping,https://www.ebay.com/itm/366144621889?_trkparms=5373%3A5000006400%7C5374%3ATech%7C5079%3A5000006415
,,,,,,"Apple iPad Air 5 M1 (2022) 10.9"" 64GB 256GB - WiFi or Cellular - Good",2026-03-12 06:56:51,$289.99,N/A,Free shipping,https://www.ebay.com/itm/157484606510?_trkparms=5373%3A5000006400%7C5374%3ATech%7C5079%3A5000006415
,,,,,,Apple iPad Pro 12.9″ (5th Gen 2021) Wi-Fi M1 Excellent Condition 1 Year Warranty,2026-03-12 06:56:51,$499.95,N/A,Free shipping,https://www.ebay.com/itm/227211848353?_trkparms=5373%3A5000006400%7C5374%3ATech%7C5079%3A5000006415
,,,,,,N/A,2026-03-12 06:56:51,N/A,N/A,N/A,N/A
,,,,,,Apple AirPods Pro 2nd Generation Gen 2 2023 A2968 with Magsafe USB-C Charging,2026-03-12 06:56:51,$139.95,$250.00,Free shipping,https://www.ebay.com/itm/285636515887?_trkparms=5373%3A5000006400%7C5374%3ATech%7C5079%3A5000006419
,,,,,,Anker 737 Power Bank 24000mAh 3-Port Portable Charger 140W for iPhone 14/MacBook,2026-03-12 06:56:51,$74.99,$159.99,Free shipping,https://www.ebay.com/itm/385840234596?_trkparms=5373%3A5000006400%7C5374%3ATech%7C5079%3A5000006419
,,,,,,Samsung Galaxy Buds+ Plus SM-R175 Bluetooth True Wireless Earbuds 2020 Colors SR,2026-03-12 06:56:51,$54.95,N/A,Free shipping,https://www.ebay.com/itm/185460063087?_trkparms=5373%3A5000006400%7C5374%3ATech%7C5079%3A5000006419
,,,,,,Apple AirPods Pro 3 Wireless Active Noise Cancelling Earbuds Magsafe MFHP4LL/A,2026-03-12 06:56:51,$186.95,N/A,Free shipping,https://www.ebay.com/itm/277504800257?_trkparms=5373%3A5000006400%7C5374%3ATech%7C5079%3A5000006419
,,,,,,N/A,2026-03-12 06:56:51,N/A,N/A,N/A,N/A
,,,,,,"2-Bay/4-Bay Hard Drive Enclosure for 3.5""/2.5'' SATA HDD/SSD 10Gbps USB-C 3.2",2026-03-12 06:56:51,$75.99,$151.98,Free shipping,https://www.ebay.com/itm/236532412408?_trkparms=5373%3A5000006400%7C5374%3ATech%7C5079%3A5000006421
,,,,,,WL OEM 20TB 7.2K RPM SATA 6Gb/s 3.5in Enterprise HDD,2026-03-12 06:56:51,$357.46,N/A,Free shipping,https://www.ebay.com/itm/297831103459?_trkparms=5373%3A5000006400%7C5374%3ATech%7C5079%3A5000006421
,,,,,,"Samsung - Geek Squad Certified Refurbished T9 Portable SSD 4TB, Up to 2,000MB...",2026-03-12 06:56:51,$459.99,N/A,Free shipping,https://www.ebay.com/itm/205471528497?_trkparms=5373%3A5000006400%7C5374%3ATech%7C5079%3A5000006421
,,,,,,SAMSUNG SSD 7.68TB 4TB 3.84TB 2TB 1.92TB 1TB 960GB 512GB 500GB 480GB 2.5 6Gbps,2026-03-12 06:56:51,$74.99,N/A,Free shipping,https://www.ebay.com/itm/326859827047?_trkparms=5373%3A5000006400%7C5374%3ATech%7C5079%3A5000006421
,,,,,,N/A,2026-03-12 06:56:51,N/A,N/A,N/A,N/A
,,,,,,"Bose QuietComfort Ultra Noise Cancelling Headphones, Certified Refurbished",2026-03-12 06:56:52,$215.00,$229.00,Free shipping,https://www.ebay.com/itm/166708867898?_trkparms=5373%3A5000006400%7C5374%3ATech%7C5079%3A5000006403
,,,,,,JBL PartyBox 1000 Portable Bluetooth Party Speaker with Full Panel Light Effects,2026-03-12 06:56:52,$849.00,"$1,349.95",Free shipping,https://www.ebay.com/itm/184651964031?_trkparms=5373%3A5000006400%7C5374%3ATech%7C5079%3A5000006403
,,,,,,"Soundcore Anker Life Q20 Hybrid Active Noise Cancelling Headphones, Wireless",2026-03-12 06:56:52,$22.99,$28.74,Free shipping,https://www.ebay.com/itm/389129473103?_trkparms=5373%3A5000006400%7C5374%3ATech%7C5079%3A5000006403
,,,,,,Beats Fit Pro Ear Hooks Ear wings Replacement Black White Purple Gray Blue 1Pair,2026-03-12 06:56:52,$16.00,N/A,Free shipping,https://www.ebay.com/itm/376769728164?_trkparms=5373%3A5000006400%7C5374%3ATech%7C5079%3A5000006403
,,,,,,N/A,2026-03-12 06:56:52,N/A,N/A,N/A,N/A
,,,,,,Bundle: Canon SELPHY CP1500 Compact Photo Printer White with KP-108IN Paper Set,2026-03-12 06:56:52,$203.99,$299.99,Free shipping,https://www.ebay.com/itm/196220534433?_trkparms=5373%3A5000006400%7C5374%3ATech%7C5079%3A5000006417
,,,,,,Genuine HP 646A CF032AC Yellow High Yield Toner 12.5K HP LaserJet CM4540 MFP NEW,2026-03-12 06:56:52,$19.00,$39.00,Free shipping,https://www.ebay.com/itm/305583237926?_trkparms=5373%3A5000006400%7C5374%3ATech%7C5079%3A5000006417
,,,,,,Genuine HP 646A CF033AC Magenta High Yield Toner 12.5K LaserJet CM4540 MFP NEW,2026-03-12 06:56:52,$17.99,$37.99,Free shipping,https://www.ebay.com/itm/305583258247?_trkparms=5373%3A5000006400%7C5374%3ATech%7C5079%3A5000006417
,,,,,,Canon Selphy CP1500 Wireless Compact Photo Printer (Black),2026-03-12 06:56:52,$179.00,$199.00,Free shipping,https://www.ebay.com/itm/376377515182?_trkparms=5373%3A5000006400%7C5374%3ATech%7C5079%3A5000006417
,,,,,,N/A,2026-03-12 06:56:52,N/A,N/A,N/A,N/A
,,,,,,REDTIGER F7NP 128GB Dash Camera Front and Rear 4K Dash Cam With WiFi&GPS,2026-03-12 06:56:52,$129.99,$189.99,Free shipping,https://www.ebay.com/itm/286761406185?_trkparms=5373%3A5000006400%7C5374%3ATech%7C5079%3A5000006432
,,,,,,REDTIGER 4K Dash Cam Front and Rear with AI-Powered Driver Assistance G-Sensor,2026-03-12 06:56:52,$79.99,$139.99,Free shipping,https://www.ebay.com/itm/285933024479?_trkparms=5373%3A5000006400%7C5374%3ATech%7C5079%3A5000006432
,,,,,,MUCAR 892BT Full Systems Car Bidirectional Diagnostic Scan Tool Life Free Update,2026-03-12 06:56:52,$489.00,$569.00,Free shipping,https://www.ebay.com/itm/397321692203?_trkparms=5373%3A5000006400%7C5374%3ATech%7C5079%3A5000006432
,,,,,,2026 Thinkscan Plus S7 Car OBD2 Scanner Auto Diagnostic Tool ABS SRS BCM IC AC,2026-03-12 06:56:52,$125.99,$189.99,Free shipping,https://www.ebay.com/itm/394131576153?_trkparms=5373%3A5000006400%7C5374%3ATech%7C5079%3A5000006432
,,,,,,N/A,2026-03-12 06:56:52,N/A,N/A,N/A,N/A
,,,,,,Olympus OM System 12-40mm f2.8 M.Zuiko ED PRO II Lens Micro 4/3 MFT,2026-03-12 06:56:52,$699.00,N/A,Free shipping,https://www.ebay.com/itm/205996230549?_trkparms=5373%3A5000006400%7C5374%3ATech%7C5079%3A5000006425
,,,,,,"PANASONIC LUMIX G Leica DG ELMARIT Professional Lens, 200mm, F2.8 ASPH,",2026-03-12 06:56:52,"$2,339.95","$3,626.99",Free shipping,https://www.ebay.com/itm/197772160091?_trkparms=5373%3A5000006400%7C5374%3ATech%7C5079%3A5000006425
,,,,,,Sony FE 24-70mm f/2.8 GM II Lens - Fast USA Shipping!,2026-03-12 06:56:52,"$2,299.00",N/A,Free shipping,https://www.ebay.com/itm/206009821598?_trkparms=5373%3A5000006400%7C5374%3ATech%7C5079%3A5000006425
,,,,,,Sony FE 70-200mm f2.8 GM OSS II Lens SEL70200GM2 *Sony USA Warranty,2026-03-12 06:56:52,"$2,889.00",N/A,Free shipping,https://www.ebay.com/itm/147103302859?_trkparms=5373%3A5000006400%7C5374%3ATech%7C5079%3A5000006425
,,,,,,N/A,2026-03-12 06:56:53,N/A,N/A,N/A,N/A
,,,,,,"Bose QuietComfort Ultra Noise Cancelling Headphones, Certified Refurbished",2026-03-12 06:56:53,$215.00,$229.00,Free shipping,https://www.ebay.com/itm/166708867898?_trkparms=5373%3A5000006400%7C5374%3ATech%7C5079%3A5000006413
,,,,,,"LG OLED77G5WUA 77"" G5 4K UHD OLED evo Smart TV w/ Wall Mount",2026-03-12 06:56:53,"$2,299.00",N/A,Free shipping,https://www.ebay.com/itm/297737539543?_trkparms=5373%3A5000006400%7C5374%3ATech%7C5079%3A5000006413
,,,,,,REDTIGER F7NP 128GB Dash Camera Front and Rear 4K Dash Cam With WiFi&GPS,2026-03-12 06:56:53,$129.99,$189.99,Free shipping,https://www.ebay.com/itm/286761406185?_trkparms=5373%3A5000006400%7C5374%3ATech%7C5079%3A5000006413
,,,,,,JBL PartyBox 1000 Portable Bluetooth Party Speaker with Full Panel Light Effects,2026-03-12 06:56:53,$849.00,"$1,349.95",Free shipping,https://www.ebay.com/itm/184651964031?_trkparms=5373%3A5000006400%7C5374%3ATech%7C5079%3A5000006413
,,,,,,N/A,2026-03-12 06:56:53,N/A,N/A,N/A,N/A
,,,,,,Belkin Thunderbolt 3 Dock Pro (Certified Refurbished) - Space Grey,2026-03-12 06:56:53,$72.00,$179.99,Free shipping,https://www.ebay.com/itm/127463179236?_trkparms=5373%3A5000006400%7C5374%3ATech%7C5079%3A5000006427
,,,,,,Belkin USB-C Multimedia Hub (Certified Refurbished) - Silver,2026-03-12 06:56:53,$40.00,$99.99,Free shipping,https://www.ebay.com/itm/127463179126?_trkparms=5373%3A5000006400%7C5374%3ATech%7C5079%3A5000006427
,,,,,,Belkin Thunderbolt 3 Dock Plus (Certified Refurbished) - Black,2026-03-12 06:56:53,$100.00,$249.99,Free shipping,https://www.ebay.com/itm/127463179800?_trkparms=5373%3A5000006400%7C5374%3ATech%7C5079%3A5000006427
,,,,,,Belkin Connect USB-C 11-in-1 Multiport Dock (Certified Refurbished) - Silver,2026-03-12 06:56:53,$48.00,$119.99,Free shipping,https://www.ebay.com/itm/127463178960?_trkparms=5373%3A5000006400%7C5374%3ATech%7C5079%3A5000006427
,,,,,,N/A,2026-03-12 06:56:53,N/A,N/A,N/A,N/A
,,,,,,Apple iPhone 16 128GB Unlocked Smartphone A3081 Good Condition,2026-03-12 06:56:53,$499.00,$701.00,Free shipping,https://www.ebay.com/itm/227050861810?_trkparms=5373%3A5000006400%7C5374%3ATech%7C5079%3A5000006411
,,,,,,Samsung Galaxy S21 5G 128GB G991U Unlocked - Good,2026-03-12 06:56:53,$134.99,$799.99,Free shipping,https://www.ebay.com/itm/254987231741?_trkparms=5373%3A5000006400%7C5374%3ATech%7C5079%3A5000006411
,,,,,,Apple iPhone 15 Pro 512GB Unlocked AT&T T-Mobile Verizon Very Good Condition,2026-03-12 06:56:53,$528.95,"$1,299.95",Free shipping,https://www.ebay.com/itm/296106949477?_trkparms=5373%3A5000006400%7C5374%3ATech%7C5079%3A5000006411
,,,,,,Apple AirPods Pro 2nd Generation Gen 2 2023 A2968 with Magsafe USB-C Charging,2026-03-12 06:56:53,$139.95,$250.00,Free shipping,https://www.ebay.com/itm/285636515887?_trkparms=5373%3A5000006400%7C5374%3ATech%7C5079%3A5000006411
,,,,,,N/A,2026-03-12 06:56:53,N/A,N/A,N/A,N/A
,,,,,,"LG UltraWide 34"" WQHD HDR 10 120Hz 5ms Curved Monitor Black 34U62TB-B 2025 Model",2026-03-12 06:56:53,$189.99,$399.99,Free shipping,https://www.ebay.com/itm/136761082570?_trkparms=5373%3A5000006400%7C5374%3ATech%7C5079%3A5000006405
,,,,,,"Refurbished HUION Kamvas Pro 19 18.4"" UHD Drawing Tablet Touch Screen PenTech4.0",2026-03-12 06:56:53,$729.00,N/A,Free shipping,https://www.ebay.com/itm/335438627589?_trkparms=5373%3A5000006400%7C5374%3ATech%7C5079%3A5000006405
,,,,,,"Refurbished HUION Kamvas 13 (Gen 3) 13.3"" Graphic Tablet Pen Display PenTech4.0",2026-03-12 06:56:54,$169.00,N/A,Free shipping,https://www.ebay.com/itm/335778622198?_trkparms=5373%3A5000006400%7C5374%3ATech%7C5079%3A5000006405
,,,,,,AX3000 WiFi Mesh Extender Long Range Outdoor WiFi 6 Access Point Repeater PoE,2026-03-12 06:56:54,$199.99,$499.98,Free shipping,https://www.ebay.com/itm/236292160001?_trkparms=5373%3A5000006400%7C5374%3ATech%7C5079%3A5000006405
,,,,,,N/A,2026-03-12 06:56:54,N/A,N/A,N/A,N/A
